source_id,ra,dec,pmra,pmdec,bp_rp,phot_g_mean_mag,l,b,parallax,parallax_over_error,phi1,phi2,pmphi1,pmphi2,probability
6562429858981617152,326.4915266035719,-48.42730046376969,5.077468,-6.094899,0.604567,19.359851,349.353176,-48.472296,-0.227692,-0.763045,20.975474,1.278098,-4.950154,0.084947,0.99619
6562444741045076608,326.2759080660007,-48.335688363583046,5.004888,-5.772569,0.950894,16.836257,349.53786,-48.354508,0.008627,0.150961,21.144096,1.256153,-4.755052,-0.195628,0.999606
6562514727535578752,327.3124007892264,-47.98312246450769,5.798431,-6.274046,0.737501,19.864544,349.809506,-49.109641,-0.273919,-0.740857,20.665205,0.645369,-5.646508,0.020214,5.27E-4
6562527131400976768,326.70550543222083,-48.19609376900191,5.152193,-6.024935,0.763228,20.421804,349.641922,-48.665174,-0.832839,-1.159856,20.944354,1.008393,-4.979218,0.007889,0.991844
6562532461455564928,326.8051849011482,-48.181443299466814,5.358799,-5.814088,0.648612,19.688531,349.639702,-48.733208,-0.174098,-0.504969,20.890249,0.967109,-5.074081,-0.261354,0.948066
6562538607553589120,326.5655065331621,-48.202590105989856,5.072598,-5.875003,0.711731,18.732563,349.665483,-48.572939,-0.212703,-1.221306,21.02619,1.053723,-4.848978,-0.106899,0.998712
6562539642642862208,326.52412006993404,-48.174933852224264,5.051644,-6.013171,0.670292,20.08387,349.715835,-48.55255,0.58031,1.224094,21.062907,1.040364,-4.890013,0.023262,0.998349
6562540256821105792,326.5457354850187,-48.11581546428052,5.1104,-5.718891,0.604621,19.114658,349.797678,-48.580295,-0.041826,-0.189733,21.074903,0.980705,-4.817524,-0.266616,0.998813
6575365170902957440,321.3675868171849,-47.10982406067605,4.704217,-6.179659,1.103817,14.462978,352.186075,-45.334148,0.044082,1.782331,24.642624,1.666216,-4.846806,-0.132734,0.998658
6575369736451710848,321.2559287154822,-46.99603946071208,4.793285,-6.40589,0.753349,20.177768,352.36091,-45.274041,-0.946721,-1.858605,24.764212,1.603267,-5.037901,0.012115,0.977677
6575393341592065280,321.09574337433344,-46.74582402267984,4.540695,-6.210159,0.601014,19.438099,352.733348,-45.197776,0.28886,0.937447,24.981221,1.437314,-4.727623,-0.051873,0.999852
6562638285155597312,325.9742764924083,-48.15621858056985,5.111677,-5.854692,0.834298,17.816405,349.869114,-48.199735,0.114517,1.076398,21.402557,1.180097,-4.896918,-0.195047,0.996608
6562640866430191104,325.9759466097661,-48.057985728296785,5.085359,-5.931886,0.744713,20.262356,350.012455,-48.222687,0.003048,0.005429,21.44383,1.090944,-4.906011,-0.11447,0.996708
6562644263748983168,325.77372174793237,-48.199724632397334,5.199634,-5.833108,0.652767,19.316808,349.850109,-48.059676,0.202769,0.69198,21.504451,1.27705,-4.974153,-0.270273,0.988084
6562651930267440512,325.81676797411865,-48.04688885714577,5.109152,-5.797707,0.790846,20.040381,350.063842,-48.121344,0.759969,1.669514,21.544636,1.126816,-4.875282,-0.260094,0.997266
6562677489616877056,324.88828510580913,-48.26443242380266,4.834098,-6.045105,0.726858,20.058215,349.944706,-47.469754,-0.026468,-0.049145,22.006571,1.593412,-4.770843,0.001801,0.999764
6575424299715427584,322.0062227373981,-46.84327412609856,5.046968,-6.187214,0.629379,19.145735,352.477081,-45.802565,0.741621,2.185334,24.387434,1.223684,-5.127552,-0.234101,0.887226
6562688656531106560,325.14082634556195,-47.974020582693896,4.872336,-6.075884,0.656674,20.061748,350.31384,-47.695067,0.766935,1.733411,21.983455,1.258407,-4.80809,0.033136,0.999615
6562694978723453568,325.39704431446194,-48.0919932068786,4.934519,-5.927287,0.788235,20.713789,350.088639,-47.837755,0.071385,0.072082,21.777693,1.289319,-4.789516,-0.10444,0.999506
6562701988109667968,325.44217487497264,-47.842609838489096,5.143259,-5.607916,0.615695,19.18375,350.442534,-47.920015,-0.128657,-0.529325,21.85943,1.051776,-4.835511,-0.48033,0.998106
6562717179410660352,325.1130835829216,-47.79062401380001,4.757089,-5.732919,0.634308,19.166355,350.586235,-47.714525,0.268245,1.088147,22.080884,1.101908,-4.554151,-0.227543,0.999976
6562720993342179200,325.1120860779577,-47.55705342670279,5.182088,-5.575613,0.896252,17.557001,350.926629,-47.760892,0.465607,4.794348,22.184313,0.892477,-4.865877,-0.557213,0.997319
6575454845523670400,321.9988101182578,-46.553282962808005,4.991374,-6.275471,0.816945,18.106615,352.890218,-45.837529,-0.229182,-1.545336,24.529655,0.970897,-5.120098,-0.131804,0.898105
6575587920789601280,321.00483241573767,-46.50965409204969,4.51334,-6.380032,0.782332,18.268411,353.076766,-45.16492,0.247435,1.455721,25.150473,1.261121,-4.789103,0.101277,0.999802
6563078124166056832,324.1310128405673,-47.94724769767899,4.933854,-6.092072,0.864737,17.568535,350.551628,-47.037772,0.364988,4.213613,22.600919,1.535787,-4.908736,-0.069506,0.996938
6575651864262839552,320.6590185662556,-46.306881021119885,4.83707,-6.197522,0.65579,19.025464,353.401154,-44.951694,0.15541,0.612958,25.457597,1.200372,-4.9953,-0.246905,0.98388
6575665264561914112,320.17636222672843,-46.16866820665145,4.613405,-6.308496,0.693171,18.986356,353.645443,-44.634683,0.309996,1.192934,25.81631,1.244336,-4.872562,-0.083121,0.998243
6563342591072399616,323.30148591865327,-47.35514414368596,4.918867,-5.703949,0.698793,20.203946,351.549657,-46.594634,-0.925722,-1.554377,23.368462,1.263642,-4.745614,-0.483985,0.999385
6563344966189753600,323.4127566639096,-47.23252968403331,4.9803,-6.080562,0.781837,20.240896,351.707223,-46.689646,-0.607009,-0.8099,23.357848,1.120055,-4.969239,-0.168588,0.989999
6563350940488847488,323.05655597724666,-47.32900474464477,4.958639,-5.702753,0.637544,18.992467,351.627245,-46.435328,-0.345226,-1.551469,23.527776,1.317131,-4.788121,-0.524847,0.998942
6563371006575936000,322.50530307623893,-47.45813776082226,4.573569,-6.214947,0.618451,18.628195,351.530121,-46.046198,-0.046284,-0.27493,23.797732,1.605412,-4.70635,0.060628,0.999942
6563376577148904704,322.63114880688306,-47.38728789642551,4.907947,-5.964468,0.891433,17.625929,351.61148,-46.141519,-0.078373,-0.79852,23.75572,1.502915,-4.879439,-0.306712,0.996912
6563382688887027712,322.2910839783173,-47.40629500748058,4.967341,-6.080572,0.901637,17.876188,351.636453,-45.911192,0.064457,0.601601,23.950049,1.627877,-4.998354,-0.262326,0.983004
6563401071346137472,323.00939718706564,-47.20265252008805,4.872423,-6.394791,0.599623,19.525261,351.815681,-46.424337,0.005212,0.013562,23.614727,1.220012,-5.033895,0.123555,0.98464
6563404404240805760,322.7586917491204,-47.137443061768415,4.871331,-6.212837,0.684305,18.434624,351.948204,-46.266439,0.204283,1.131792,23.795975,1.241582,-4.957841,-0.059784,0.993248
6563510511407947392,324.1292654142117,-47.531574393036664,5.120254,-6.073135,0.576017,18.856312,351.15147,-47.114636,0.042769,0.209467,22.789631,1.165391,-5.06534,-0.172793,0.95496
6563521124273237248,324.24721208752976,-47.210139924800984,4.784817,-6.066521,0.848585,16.913665,351.595146,-47.251641,0.174674,2.477726,22.863183,0.842447,-4.757627,-0.018612,0.999792
6563557305076694912,324.26215548337046,-47.07561287423193,5.387278,-6.287036,0.666814,19.049808,351.787532,-47.285681,-0.04438,-0.178788,22.914628,0.717729,-5.39396,-0.091977,0.071432
6563748345221978368,323.52822243624024,-46.70285449456355,5.242209,-6.452664,0.535975,19.100941,352.451257,-46.854214,0.417676,1.528126,23.530791,0.61324,-5.366911,0.050208,0.098289
6563830228774647424,323.6922318567984,-46.27495076120316,5.302411,-6.616143,0.906209,17.589253,353.044206,-47.033035,0.351657,3.424522,23.625936,0.181036,-5.487622,0.181873,0.009505
6513991703149501184,341.71005293667224,-50.36341331897027,6.845586,-5.506221,0.642736,19.907486,340.02319,-56.828614,-0.618941,-1.281876,11.00926,-0.192071,-5.814203,0.448382,6.0E-6
6510715192859464448,338.50743079477473,-51.212786712180744,5.731086,-5.122265,0.829758,18.355674,340.598305,-54.657222,0.228337,1.697974,12.748443,1.147797,-4.768622,0.059621,0.999828
6510757073084104704,337.8648599619475,-51.086763083138806,5.989227,-5.1163,0.845777,17.734878,341.127314,-54.367326,0.080158,0.873652,13.170775,1.14023,-5.03767,-0.079776,0.97359
6510765701673525376,338.41943495805765,-51.03659079617367,6.171529,-5.383138,0.731871,20.0817,340.910462,-54.69621,0.59117,1.366436,12.850446,0.993867,-5.266905,0.177501,0.451126
6510789890931127040,338.1338123550713,-50.741376086996624,6.019446,-5.013788,0.666455,19.003447,341.508326,-54.68221,0.426132,2.198665,13.106125,0.760932,-5.026901,-0.165358,0.975351
6510793666205628416,337.9206885926907,-50.71839847609933,5.706597,-5.137392,0.768825,20.054698,341.654667,-54.574738,0.522704,1.336325,13.242023,0.777109,-4.769414,0.021829,0.99979
6513551486183521280,341.7232723943023,-51.36684080786443,6.49216,-5.446442,0.792904,20.674038,338.494042,-56.283825,-0.05738,-0.056288,10.764903,0.781186,-5.459287,0.487944,0.023784
6513551864140520576,341.7293481980287,-51.32601226617678,6.917017,-5.643294,0.956809,16.771574,338.551236,-56.30979,0.093295,1.533812,10.770823,0.740611,-5.918137,0.579373,0.0
6513554127585986688,341.76084864868585,-51.22042148057784,6.780876,-5.809367,0.553674,19.05661,338.689531,-56.385053,-0.078745,-0.373412,10.77649,0.633347,-5.823073,0.774731,5.0E-6
6513556635846845440,341.43489918371193,-51.265394227682954,6.05947,-4.719519,0.67458,20.074094,338.825989,-56.190315,0.616462,1.260051,10.964082,0.725398,-4.877239,-0.144804,0.99776
6513556773285833472,341.44124282256587,-51.239604920488745,6.772263,-5.764009,0.778252,18.351307,338.860715,-56.207855,-0.156158,-1.04534,10.966393,0.699408,-5.818751,0.699254,5.0E-6
6513586464397102592,341.87832912771194,-51.01123186394257,6.765595,-5.291708,0.911361,16.989451,338.929927,-56.562733,-0.03239,-0.471611,10.753759,0.412706,-5.681272,0.28454,1.44E-4
6513589110097047936,341.92431775065216,-50.86451714066957,6.973642,-5.172237,0.809144,20.460747,339.12255,-56.668236,-3.73E-4,-5.98E-4,10.759763,0.263277,-5.853499,0.122764,5.0E-6
6513595702869675648,341.4603794106264,-50.95808995191578,6.830491,-5.122523,0.647065,18.749024,339.272738,-56.372496,0.111598,0.562575,11.021986,0.423174,-5.720308,0.060749,1.07E-4
6510863588273532800,337.0193607313845,-50.99503501147513,5.654488,-5.27114,0.886838,17.921659,341.695174,-53.942526,0.483135,4.658596,13.706207,1.207051,-4.793193,0.086249,0.99977
6513642363393699840,340.29818763483917,-51.44163354466872,5.878846,-5.066454,0.769176,20.172466,339.248763,-55.498464,0.549679,1.026326,11.608675,1.071226,-4.829457,0.133274,0.999654
6513680468344181504,340.26601059247264,-51.00828885905294,6.640837,-5.407456,0.604235,19.122685,339.918413,-55.710823,0.019281,0.082605,11.738326,0.657236,-5.652848,0.26071,2.76E-4
6513681670934601728,340.3713006871582,-50.924283224627764,5.83562,-4.745091,0.713703,19.817558,339.983527,-55.81138,-0.007475,-0.021513,11.695494,0.559156,-4.70176,-0.16661,0.999841
6510938389422981632,336.232727892889,-50.486146920559435,5.808709,-5.157961,0.655424,19.155005,342.84614,-53.729246,0.563887,2.153096,14.334254,0.871708,-4.933004,-0.146048,0.994567
6513690157790143872,339.7902138101883,-51.34941806966491,5.737931,-4.890674,0.777796,18.246014,339.68134,-55.278043,0.426943,3.282105,11.938733,1.063659,-4.666502,-0.04769,0.999946
6510946773199881600,337.31378684213394,-50.925954137083224,6.53386,-5.718077,0.795265,20.410251,341.651728,-54.13877,0.308646,0.461989,13.549271,1.086455,-5.753337,0.282494,2.9E-5
6513715790155199872,339.5451090423663,-51.05435215899914,5.747499,-5.170484,0.743892,20.655047,340.264293,-55.299366,-1.095415,-1.005589,12.164321,0.819174,-4.75722,0.193972,0.999935
6510975978977620096,337.781101145319,-50.724606954744985,6.063538,-5.097468,0.595947,19.803711,341.717595,-54.494023,0.075143,0.229751,13.324951,0.808291,-5.105144,-0.131252,0.918722
6510978246720355968,337.5461743506852,-50.712151327733096,5.870666,-5.224299,0.676697,20.270804,341.857043,-54.368726,-0.691079,-1.198869,13.470993,0.839188,-4.965376,0.023456,0.993872
6513723899053458048,339.80593933830755,-51.045624302215906,6.594952,-5.351222,0.600081,19.0857,340.128871,-55.444418,-0.011356,-0.046689,12.008354,0.767784,-5.612245,0.171418,7.39E-4
6513727923439474304,340.0967115347034,-50.98319910402293,6.703407,-5.190856,0.86232,16.964872,340.055216,-55.633161,0.405859,5.882951,11.84776,0.6602,-5.664396,0.017556,3.74E-4
6513729843288317568,340.2144969716993,-50.86361596961462,6.165884,-4.719572,0.587152,19.023768,340.167543,-55.75888,0.221423,1.075083,11.806571,0.525603,-5.019728,-0.290418,0.976593
6513741559959126272,339.4550211820912,-50.83713871038787,6.582777,-5.643212,0.803745,18.429967,340.643674,-55.361252,0.152877,0.970874,12.276483,0.624686,-5.690639,0.417697,1.06E-4
6513751562939527040,339.75912066616615,-50.59951085463165,6.807015,-5.70909,0.577406,19.191971,340.832705,-55.647741,0.436982,1.968021,12.153191,0.344799,-5.910635,0.451263,1.0E-6
6513756506444306432,340.923666916138,-51.08803540771854,6.894507,-5.569833,0.847145,18.275316,339.406025,-56.018438,-0.068673,-0.445388,11.318048,0.631047,-5.912427,0.424399,1.0E-6
6513756506444309632,340.9108612109256,-51.07773666679001,6.706927,-5.753942,0.643811,20.124038,339.429302,-56.01721,-0.594847,-1.07283,11.328379,0.623042,-5.7764,0.647494,1.4E-5
6513756957417137792,340.85108021725756,-51.03726671030332,6.633386,-5.294355,0.887314,17.569314,339.526482,-56.007288,-0.025866,-0.272974,11.374768,0.593077,-5.594277,0.213483,0.001019
6513759328239090304,340.7091567306934,-51.03220953924509,6.502713,-5.146306,1.45325,12.702053,339.619494,-55.934613,0.057328,4.086768,11.462493,0.610282,-5.436428,0.087987,0.027281
6513787120971481856,340.5814160920406,-50.572103896440666,6.799209,-6.022185,0.631891,19.758663,340.39475,-56.109237,-0.0073,-0.020821,11.655442,0.184856,-5.94594,0.843205,0.0
6513800796147402368,341.1307089174403,-50.48765204833895,6.90986,-5.311962,0.902915,16.402695,340.192293,-56.450442,-0.045362,-0.716901,11.337893,0.016882,-5.853966,0.184912,4.0E-6
6511063527590551936,336.67212161610394,-50.141965185277144,6.635461,-5.732771,0.670401,20.016893,343.160135,-54.132996,0.763052,1.838338,14.171273,0.458635,-5.877579,0.190631,2.0E-6
6511069785359880064,336.53539740895593,-49.961274867631204,6.48298,-5.974794,0.754436,18.564227,343.503004,-54.133513,0.067246,0.453585,14.309443,0.312806,-5.810142,0.451114,6.0E-6
6511073354476317568,336.94499065111506,-49.883889056463914,6.197376,-5.820615,0.630664,19.363339,343.423682,-54.404406,-0.078414,-0.302862,14.081043,0.159955,-5.473669,0.430535,0.015292
6513830105004533248,340.00367036452144,-50.594785751943014,6.068274,-4.876673,0.575147,19.206807,340.699292,-55.783652,-0.443258,-1.938968,12.004493,0.299976,-4.971838,-0.136697,0.990077
6513837221766059008,340.1507803561087,-50.507272748577456,5.862675,-5.034373,1.044069,15.225488,340.747661,-55.908784,0.039844,1.376988,11.936629,0.191394,-4.808042,0.081053,0.999693
6513846357160854016,339.7633869679216,-50.49952667845763,6.483999,-5.352636,0.639204,19.259108,340.983083,-55.700784,-0.107663,-0.411898,12.176661,0.247571,-5.505299,0.190661,0.006603
6513857386637094400,339.9132262802582,-50.18803453336876,6.574543,-5.346792,0.687196,19.831272,341.375867,-55.940535,0.058712,0.127739,12.165281,-0.07807,-5.58437,0.172907,0.001314
6513865190593121664,340.2190536323948,-50.22722270393002,7.065124,-5.843885,0.985267,15.985619,341.138114,-56.089481,0.324024,7.213015,11.966052,-0.090491,-6.173685,0.560058,0.0
6513870408977968896,340.64436397941415,-50.107087420050846,6.915779,-5.847408,0.69173,19.436328,341.072542,-56.384986,0.442932,1.578709,11.732723,-0.27545,-6.010756,0.645874,0.0
6513914118859196800,342.340484196212,-50.895589566763476,6.799266,-5.348763,0.67591,19.768857,338.8081,-56.868777,0.749859,1.999001,10.497075,0.233129,-5.708065,0.378717,7.2E-5
6513917932791131648,342.0393776678894,-50.805496533314034,6.914142,-5.854014,0.987751,16.342597,339.138648,-56.761433,0.047852,0.932243,10.702768,0.189011,-5.948696,0.811224,0.0
6513919921360519808,342.1563645809835,-50.72827157698746,7.030547,-5.806996,0.705561,19.469993,339.180907,-56.865853,0.632686,2.320551,10.648562,0.096814,-6.045437,0.750242,0.0
6513946206560712960,342.71537612777126,-50.362640979299,6.956668,-5.548433,0.624878,19.178192,339.37499,-57.36462,0.146114,0.561911,10.385148,-0.339634,-5.888794,0.570277,1.0E-6
6513977061606908416,342.0656866166168,-50.4395057074418,6.720972,-5.66821,0.70903,19.988546,339.680264,-56.977307,-0.244144,-0.43641,10.771082,-0.170935,-5.715483,0.673093,6.8E-5
6514001358235953280,342.10172133254684,-50.33099037433197,6.940746,-5.691141,0.979025,15.969628,339.823879,-57.055989,0.059303,1.421338,10.77375,-0.281825,-5.932672,0.647124,0.0
6514021870999806592,341.61820285196876,-50.12462094976056,6.721155,-5.383978,0.81515,20.328871,340.449409,-56.90737,-0.028667,-0.046997,11.122724,-0.410241,-5.667521,0.346409,1.85E-4
6514110003728640256,342.1910205062184,-49.92280927935335,6.93143,-5.195632,0.777732,18.349344,340.398356,-57.326173,-0.155047,-1.03867,10.811836,-0.692237,-5.80482,0.171292,1.3E-5
6514124018206414976,341.88178424685645,-49.79968358877202,6.861496,-5.389948,0.543827,19.300382,340.788518,-57.224142,0.575441,1.957385,11.03427,-0.765925,-5.793618,0.342572,1.1E-5
6514202255330737280,341.0258246025153,-50.0242153280017,6.918519,-5.764719,0.668101,19.652244,340.97108,-56.637358,0.141577,0.436739,11.515906,-0.416225,-5.975668,0.604996,0.0
6516954092417230592,338.5634404474674,-49.40030593579622,6.637334,-5.797187,0.829411,18.237022,343.349046,-55.557809,0.147336,1.142517,13.215668,-0.603799,-5.817915,0.4419,5.0E-6
6516991441452150016,337.8378198444277,-50.382380824176664,6.613819,-5.636551,0.762833,20.22775,342.209319,-54.687007,-0.172964,-0.356683,13.388317,0.470056,-5.783311,0.229631,1.7E-5
6516999382848036480,338.0033369332997,-50.2219016600411,6.21542,-5.643439,0.792858,18.487455,342.369322,-54.855566,0.316721,1.980584,13.33264,0.286124,-5.39606,0.364616,0.07185
6514291526226665600,340.8543932413007,-49.37225007137472,6.467268,-5.343751,0.882217,16.996818,342.095783,-56.876584,0.597012,7.75314,11.783538,-1.020988,-5.440189,0.282222,0.025873
6514299287232135040,340.5190426692862,-49.41725284394638,6.485293,-5.551116,0.645732,19.967072,342.224762,-56.665237,-0.012944,-0.025151,11.983756,-0.923073,-5.523239,0.445488,0.005103
6517042877981230464,338.0219145547908,-49.5233609396907,6.658196,-5.631674,0.601825,19.049674,343.440681,-55.188605,-0.016819,-0.068107,13.519146,-0.387165,-5.814305,0.221978,9.0E-6
6514311725457545856,340.4196867655434,-49.19724853072632,6.465531,-5.234647,0.604937,19.396085,342.631122,-56.718175,0.259821,0.846814,12.101855,-1.119682,-5.427817,0.131706,0.031566
6517085282194434560,336.90772116404446,-49.63233515756964,6.642814,-5.64232,0.793429,17.969357,343.830516,-54.493319,0.178345,1.408779,14.178815,-0.073067,-5.846639,0.121393,6.0E-6
6517116309037819136,337.23431176471547,-49.326340537791964,6.359205,-5.63006,0.706696,18.352259,344.146283,-54.817805,0.186513,1.24491,14.066501,-0.428094,-5.558281,0.223789,0.002156
6514406558335269504,340.68455492188957,-48.9888768521926,6.566574,-5.354756,0.688476,19.793827,342.805979,-56.971861,0.321163,0.773248,11.98616,-1.364881,-5.544836,0.246806,0.002832
6517164442734776320,338.04234828453514,-49.04415301444594,6.38611,-5.478571,0.61495,19.235674,344.181828,-55.41626,0.254922,1.084892,13.64208,-0.85053,-5.507728,0.149148,0.006447
6514482600731379712,345.5102256843699,-50.74878559024362,7.277896,-5.263203,0.989856,14.826555,336.810606,-58.569759,0.434615,18.922134,8.568162,-0.323584,-6.025406,0.530928,0.0
6514495859294586240,346.1661786812011,-50.6408683473966,6.878056,-5.00282,0.617378,19.307854,336.471191,-58.961322,0.007517,0.029716,8.179012,-0.504876,-5.55729,0.414718,0.002262
6514497096245135104,346.09387774894344,-50.68950682154465,7.145209,-5.622818,0.797448,20.775327,336.454148,-58.895076,-2.451975,-1.924741,8.21551,-0.448895,-5.933318,0.970778,0.0
6511622667909108608,333.64973409841855,-50.03678660220429,6.18941,-5.981513,0.59622,19.854325,344.664213,-52.41189,0.121706,0.305641,16.042347,0.978692,-5.655101,0.255378,2.65E-4
6514503006120238464,346.2021972517735,-50.492156816908256,7.384951,-5.020259,0.646008,19.660034,336.667383,-59.072849,-0.434874,-1.184348,8.182703,-0.655292,-6.057485,0.344207,0.0
6514516372058961792,345.7800656474405,-50.44207189418989,7.199982,-5.033583,0.623847,18.491992,337.069188,-58.894414,0.196417,1.302212,8.456042,-0.656516,-5.894699,0.344174,1.0E-6
6514518296204377728,345.6577554106955,-50.31477863300322,6.722276,-5.200056,0.713272,18.274716,337.356272,-58.911787,0.3688,2.664837,8.555967,-0.767439,-5.46018,0.58055,0.029912
6514523690683314560,345.7863081329596,-50.28282740591476,7.205323,-5.191467,0.640873,19.519606,337.306831,-58.996132,-0.13017,-0.427744,8.48105,-0.813835,-5.927965,0.496886,0.0
6511637266501351296,333.51678968001164,-49.85830809749627,5.453899,-5.223166,0.632988,18.890368,344.988184,-52.401322,0.104162,0.524701,16.183396,0.839828,-4.710257,-0.222813,0.999779
6511637644458477952,333.4801817464241,-49.82480726179647,5.601311,-5.802456,0.769416,20.5209,345.053669,-52.392212,-0.347432,-0.51306,16.217,0.816362,-5.047281,0.268062,0.988409
6511641595828395648,333.3872808449745,-49.77921777869725,5.477913,-5.174663,0.740501,19.586608,345.159929,-52.353935,0.585899,1.997114,16.288924,0.793962,-4.720414,-0.288892,0.999688
6514560661762016384,344.9704163520107,-50.218868938386144,6.996231,-5.000622,0.637946,19.933612,338.01847,-58.621384,0.047984,0.108332,9.005558,-0.779091,-5.719935,0.261451,6.4E-5
6517290920932324096,339.595871443426,-49.387858037419555,6.451864,-5.384002,0.640139,19.44819,342.8036,-56.156111,0.711991,2.337108,12.571928,-0.797034,-5.485568,0.199512,0.009864
6511690283577999488,336.04649849465005,-50.433759045174014,5.856524,-5.067111,0.914585,17.418291,343.013484,-53.645702,0.052368,0.552292,14.463187,0.858287,-4.956775,-0.265036,0.99082
6517304699186773248,339.63216300600294,-49.07078696377612,6.689292,-5.406322,0.613098,19.157264,343.284211,-56.328657,-0.098047,-0.338537,12.632411,-1.109185,-5.718173,0.158776,8.3E-5
6511702412565340800,335.56374312100286,-50.36650588282472,5.831586,-5.41433,0.590452,19.182687,343.338942,-53.397156,0.224145,0.942906,14.776581,0.890241,-5.058106,0.026812,0.969334
6511703172776180864,335.5315694640643,-50.3558040441343,5.758529,-5.196843,0.959379,16.384344,343.369846,-53.383151,0.048913,1.009694,14.799434,0.886544,-4.921431,-0.159738,0.995355
6511704164912314624,335.75428191647785,-50.406873034829935,6.164658,-5.764426,0.621861,19.782402,343.19026,-53.489604,0.347703,0.843118,14.648547,0.890506,-5.47682,0.273801,0.011961
6511704203568321792,335.7515329163601,-50.39322194838746,5.778673,-5.202288,0.900676,17.499754,343.212237,-53.493902,0.123786,1.253003,14.654474,0.878084,-4.934692,-0.140155,0.994483
6511705504942140928,335.773135867676,-50.335324069337254,5.778091,-5.39578,0.588144,18.500385,343.290163,-53.531249,0.092808,0.562184,14.659449,0.818777,-4.993524,0.045248,0.990578
6511740831049465344,334.8682916698438,-50.3302534616683,5.903467,-5.54191,0.783278,18.056162,343.705119,-53.009666,0.149692,1.166886,15.208804,0.99742,-5.192983,0.058372,0.741137
6514680749047074560,345.73395110029935,-49.664779919492574,6.983314,-4.905272,0.678093,19.821198,338.301198,-59.347498,-0.23696,-0.641065,8.626643,-1.415439,-5.658192,0.24185,2.52E-4
6514688583067711104,345.35741501375503,-49.71857717580327,6.75609,-5.110495,0.723664,19.111452,338.50399,-59.120639,0.259645,1.049819,8.856149,-1.317548,-5.488107,0.447827,0.011396
6511769860732506496,334.9107808089129,-50.14656085553071,6.117231,-5.787686,0.728803,18.232947,343.964971,-53.110134,0.282662,2.098047,15.242427,0.814797,-5.472348,0.224191,0.012929
6511784497980152448,336.17784568195907,-50.36937151010138,6.479563,-5.889448,0.599393,19.420759,343.049469,-53.749148,-0.452265,-1.495548,14.403329,0.771267,-5.797428,0.337991,1.0E-5
6511787315478700544,336.0411659315154,-50.35711673691036,6.36111,-5.899039,0.91334,17.764836,343.132393,-53.676047,0.226149,2.241102,14.490068,0.786432,-5.693325,0.369303,1.01E-4
6511799822423700480,336.11932564368857,-49.97384114706338,6.349338,-5.48268,0.645561,19.272819,343.680781,-53.886799,0.349604,1.272531,14.5605,0.406371,-5.549444,-0.019298,0.003786
6511809649308824704,335.99249909315813,-50.03347201989369,6.156086,-5.646046,0.616833,19.821189,343.648665,-53.787594,-0.098723,-0.266692,14.61966,0.48823,-5.421017,0.183664,0.036055
6514759540222682624,344.2775171953005,-50.09243311584742,7.129438,-5.275669,0.853194,17.287841,338.716594,-58.338778,0.19441,2.262591,9.465755,-0.815557,-5.932399,0.430011,0.0
6511828860698519552,336.45095925838064,-49.738555498212676,6.372628,-5.888333,0.866412,20.639616,343.886077,-54.180967,-0.329973,-0.294134,14.42877,0.117027,-5.681629,0.391058,1.31E-4
6514784412377905920,344.8236178679399,-49.723818538851226,7.003374,-5.082137,0.604311,19.382439,338.893447,-58.839847,0.234563,0.746983,9.19399,-1.246524,-5.747253,0.318066,3.2E-5
6511839370484397824,336.1014436833378,-49.68582178192244,5.881318,-4.974768,0.75928,20.017195,344.131832,-53.999078,-0.708241,-1.525021,14.660081,0.135867,-4.947506,-0.363323,0.991647
6511856138034948480,335.704590704109,-49.897274154485544,6.18761,-5.911966,0.595644,19.543153,343.989925,-53.677617,-0.3173,-1.177059,14.838034,0.41637,-5.544964,0.396479,0.002942
6511867030072613248,335.5759969882238,-49.72950778953357,5.91309,-5.446856,0.756065,20.280972,344.305757,-53.672216,-0.129844,-0.260901,14.969436,0.283084,-5.142997,0.026617,0.872686
6514824205250581248,343.9309868140146,-49.66710550936303,6.848368,-5.253853,0.628615,19.179096,339.624632,-58.402061,-0.111506,-0.405005,9.771169,-1.18639,-5.666083,0.423991,1.86E-4
6514827980525795328,343.6001979300151,-49.767282177153014,7.13062,-5.240407,0.677945,18.662286,339.698745,-58.169123,0.093177,0.442167,9.959495,-1.043826,-5.953129,0.318523,0.0
6511871325039890944,335.26101430198315,-49.80845130113688,6.634644,-5.973544,0.720354,19.860539,344.32595,-53.454328,-0.117961,-0.327448,15.137454,0.422332,-6.006689,0.267038,0.0
6514840659269348864,343.4682569142176,-49.53688398571077,6.904048,-5.062632,0.596975,19.085021,340.151478,-58.227944,-0.084719,-0.28691,10.09175,-1.250939,-5.698646,0.175863,1.2E-4
6511928297782342400,334.3352074635844,-50.32764171477026,6.396412,-5.911876,0.964176,16.651189,343.939448,-52.700157,0.571413,10.442016,15.531354,1.10611,-5.800435,0.193806,1.3E-5
6511934272080103168,334.60125816059036,-50.12091017576515,5.738605,-5.352809,0.600064,19.836098,344.138415,-52.939433,0.344382,0.817276,15.43843,0.854956,-4.984712,-0.094225,0.988659
6511935405951480064,334.69106524310615,-50.09437111324185,5.61835,-5.319056,0.5863,19.403383,344.139939,-53.002844,0.307064,1.055238,15.392629,0.811087,-4.856692,-0.078919,0.998661
6511937265674081536,334.45663636548295,-50.116305836546424,5.809927,-5.291251,0.891925,17.564129,344.207415,-52.85644,0.101244,1.14389,15.527565,0.880978,-5.037028,-0.189285,0.970607
6511949016704646272,334.08151946495616,-50.00587066727128,5.650282,-5.328096,1.037046,15.467256,344.533181,-52.679415,0.077051,2.390898,15.791383,0.856414,-4.911314,-0.137592,0.996219
6511949115487160320,334.0589022127234,-49.982791181535504,6.03695,-6.139288,0.649689,19.941881,344.577608,-52.675113,-0.103406,-0.258366,15.812785,0.839499,-5.54702,0.495978,0.003186
6511950425453887616,334.31923038814904,-50.01122029504044,5.716419,-5.321911,0.886452,17.597451,344.425248,-52.817614,0.021602,0.243827,15.645468,0.810798,-4.963264,-0.143383,0.99125
6511951112648656896,334.28371748681656,-50.01966382085222,5.585379,-5.157188,0.673437,18.703889,344.427433,-52.793318,0.27172,1.64691,15.664219,0.826307,-4.786421,-0.25873,0.999257
6511970354102693760,334.9627869544033,-49.72619095881141,6.31746,-6.112751,0.66324,20.181016,344.583349,-53.311852,0.481285,1.01808,15.346281,0.406083,-5.763026,0.468391,1.9E-5
6511985399371130624,334.5915306757443,-49.64108198898572,6.025787,-6.060466,0.710672,20.033589,344.873877,-53.125623,-0.413183,-1.035828,15.601112,0.4035,-5.485996,0.475104,0.012596
6511992344334822784,334.52302556931625,-49.44099712535965,6.385716,-5.954462,0.646038,19.397308,345.209772,-53.163306,-0.079465,-0.297558,15.708577,0.228968,-5.793633,0.248299,1.3E-5
6511994745219710080,333.9567007677176,-49.98941246560661,5.925908,-5.377414,0.584889,19.499392,344.609984,-52.612057,0.230519,0.780254,15.872518,0.86769,-5.191907,-0.194988,0.732426
6511999113203187456,333.7945743903366,-49.891811143157504,5.414652,-5.165485,0.667244,19.63681,344.824708,-52.553824,0.563578,1.727987,16.003581,0.810775,-4.644406,-0.238858,0.99991
6511999521223399680,333.6782721106058,-49.91543342425936,5.460882,-5.285545,0.623761,19.675598,344.836315,-52.475599,-0.151829,-0.465784,16.066133,0.858285,-4.732557,-0.15154,0.999759
6512000693751142656,333.84520546644126,-49.86522005023369,6.176206,-5.731576,0.581976,19.774344,344.844328,-52.594191,0.119772,0.364755,15.981797,0.774759,-5.550077,0.042615,0.003246
6512006496250465664,334.0203137487803,-49.68483232445047,5.888852,-5.751707,0.739657,20.159189,345.046739,-52.768172,-0.264441,-0.570139,15.935662,0.566914,-5.278644,0.173331,0.392865
6512007836280249216,333.9323001015656,-49.70375835257691,6.085257,-6.160593,0.654195,20.165761,345.054139,-52.708343,0.619719,1.258039,15.982991,0.603789,-5.604203,0.484492,8.18E-4
6512018182858062592,333.5425202578568,-49.683501839835436,6.215405,-6.008445,0.894293,15.961427,345.243216,-52.48297,0.614504,16.652988,16.227197,0.669783,-5.691774,0.257628,1.19E-4
6512024608129125760,333.74041701502546,-49.43930674587502,6.027054,-6.279864,0.576597,19.347918,345.535859,-52.693916,0.199462,0.85734,16.189085,0.396551,-5.597078,0.594552,0.001152
6512034671236036480,333.93835091979264,-49.53238113471869,6.216599,-6.135979,0.73685,20.104066,345.31313,-52.77764,0.315216,0.674903,16.036694,0.440996,-5.718854,0.416301,5.5E-5
6512039069281730560,334.2142619148709,-49.4288613901933,6.125542,-5.6244,0.701854,20.457951,345.357818,-52.98288,-0.38558,-0.641311,15.902157,0.28367,-5.451184,-0.008946,0.023041
6512122151129353216,334.784590355922,-48.93571805291548,6.068426,-5.938122,0.75839,20.059226,345.879063,-53.516642,0.12155,0.249976,15.71165,-0.304438,-5.475903,0.357954,0.01308
6515587914859590144,343.1589910657881,-49.497845391923114,6.620502,-5.259853,0.70768,20.456395,340.424254,-58.082605,0.474387,0.57098,10.29628,-1.246008,-5.476216,0.397272,0.013688
6512732350019527936,342.5581213252125,-51.71661168735644,6.9752,-5.633453,0.726296,19.749865,337.439885,-56.510946,-0.463116,-1.327862,10.179104,1.002216,-5.937049,0.65048,0.0
6512858995718854016,344.485679175746,-52.03647828297272,7.202905,-5.465991,0.804554,20.430766,335.660442,-57.268325,-0.125814,-0.190882,8.948208,1.062896,-6.039178,0.65169,0.0
6512875149093073792,344.8474556246234,-51.90723033551814,7.259408,-5.127179,0.91518,17.635266,335.588947,-57.523065,0.43591,4.737339,8.755053,0.892371,-6.012264,0.345827,0.0
6512887995337819776,344.7980442553397,-51.648654422973294,6.356959,-4.741187,0.810944,20.228289,336.001194,-57.660837,0.646222,1.386094,8.835323,0.644673,-5.053134,0.133785,0.978802
6512890778476698240,344.8643339767976,-51.50130765390758,6.836889,-5.194435,0.589309,19.904548,336.169307,-57.784727,0.966321,2.687763,8.82354,0.49213,-5.60891,0.489559,7.36E-4
6512895932437355904,344.3785047180969,-51.68118555590646,6.925916,-5.634639,0.757841,18.45844,336.253634,-57.436279,0.393828,2.604528,9.08401,0.727969,-5.805245,0.855501,9.0E-6
6512899235269728128,344.3351103525356,-51.54295208205529,6.23158,-4.714613,0.90749,17.36084,336.487377,-57.499794,0.13624,1.690005,9.138145,0.597952,-4.941858,0.087134,0.996746
6512925108151555584,345.7762362168273,-51.54222752109512,7.204184,-5.549472,0.849,17.873296,335.434622,-58.199434,0.163836,1.700774,8.258535,0.425769,-5.995674,0.866317,0.0
6512927474677496704,345.4161635759753,-51.76454158447876,7.372909,-5.600037,0.7402,20.268162,335.380274,-57.885585,-0.700487,-1.437264,8.437189,0.685412,-6.188432,0.848779,0.0
6512928333670997120,345.34935345532443,-51.69213832517708,7.135583,-5.146462,0.681318,19.935656,335.534949,-57.899585,-0.17345,-0.453409,8.491381,0.622022,-5.873234,0.439215,1.0E-6
6512929746716250624,345.4223664278015,-51.65223975983596,7.120499,-5.520052,0.958377,16.119143,335.538987,-57.959897,0.113029,2.791565,8.454355,0.574363,-5.924917,0.816262,0.0
6512934003027946752,345.322510594989,-51.50580665385521,6.859306,-5.292393,0.770143,18.439477,335.826973,-58.004399,0.076221,0.551952,8.542714,0.442126,-5.629845,0.628791,5.49E-4
6512940810552429952,345.30938085732356,-51.449289320136984,7.158159,-5.125433,0.80788,20.540355,335.919609,-58.03362,0.44293,0.583641,8.561363,0.388151,-5.892413,0.40645,1.0E-6
6512984099525781888,344.9876800112205,-51.472778358458214,6.334616,-4.724532,0.7253,20.061826,336.121515,-57.862608,-0.227174,-0.493139,8.753684,0.44931,-5.020374,0.137255,0.988564
6512998397473564288,344.71798442737025,-51.331734211592796,7.338866,-5.842284,0.880145,17.382705,336.525322,-57.817858,0.063967,0.693492,8.946105,0.343589,-6.233696,1.00903,0.0
6513024751393304064,345.27149486593026,-50.94778086962996,7.149603,-5.519463,0.778966,20.641361,336.690863,-58.328114,-1.401998,-1.056534,8.679056,-0.09993,-5.958408,0.783692,0.0
6513045637818434432,344.8435013084237,-50.71008453958388,7.293095,-5.732661,0.676904,19.598138,337.363563,-58.260363,0.366024,1.077174,8.98987,-0.281524,-6.159557,0.915502,0.0
6513072992464628736,343.43453987444104,-51.627211419396275,6.841426,-5.734819,0.732631,20.628066,336.988057,-57.002942,-0.094613,-0.126634,9.668216,0.796149,-5.787896,0.870579,1.5E-5
6513085465050428416,344.2722216552973,-51.53740314581653,6.360057,-4.627322,0.700806,18.712889,336.540024,-57.472227,0.03068,0.182017,9.177578,0.600391,-5.052383,-0.030271,0.968893
6513096765108227200,344.28774225747554,-51.292910300858274,7.196779,-5.218955,0.596663,19.756664,336.890617,-57.628702,-0.206291,-0.594854,9.217396,0.358968,-5.989889,0.378571,0.0
6513114219855440512,344.00517483247546,-51.05408201108795,7.132228,-5.910285,0.684282,19.377837,337.446017,-57.630948,0.010277,0.038588,9.439431,0.161166,-6.079399,1.034512,0.0
6513127001677661568,343.2820544598499,-51.3908808683508,7.171363,-5.41495,0.687445,19.790187,337.441258,-57.066563,-0.459663,-1.29682,9.811474,0.58558,-6.047898,0.467899,0.0
6513134423381780736,343.1595686715298,-51.26203507612572,7.265621,-5.672568,0.613056,19.102836,337.715821,-57.080201,-0.098743,-0.432776,9.914003,0.476272,-6.200441,0.683891,0.0
6513142085603430400,342.85524539847654,-51.300367085509436,7.16544,-5.914399,0.564571,19.023384,337.86196,-56.903096,0.217277,1.039691,10.091391,0.555264,-6.169843,0.908646,0.0
6513143906669987968,342.7617033199101,-51.191701875938904,6.70567,-5.719055,0.718242,20.341798,338.086391,-56.918056,0.107716,0.155163,10.172526,0.462235,-5.682365,0.808289,2.22E-4
6513144254562903168,342.877383519733,-51.20573932375613,6.905372,-5.001635,0.565457,19.108766,337.988702,-56.969165,0.126782,0.56367,10.098725,0.459909,-5.713813,0.07669,1.16E-4
6513148717032989952,343.112461706965,-51.12893708735479,6.845003,-5.154642,0.747108,19.990117,337.946648,-57.133797,0.449119,0.847971,9.971674,0.352738,-5.679132,0.262572,1.55E-4
6513148991910904704,343.1841166508177,-51.09504239180663,6.867218,-5.531769,0.60001,19.551195,337.949241,-57.190104,0.817481,2.569383,9.935099,0.309904,-5.779396,0.632948,1.3E-5
6513159746509151744,343.3295621131812,-51.10745904654021,7.095501,-5.493501,0.703883,19.044585,337.83217,-57.257029,-0.10128,-0.487663,9.843233,0.302378,-5.987739,0.562111,0.0
6513160536783138432,343.28687241374786,-51.095653545244424,6.058824,-4.525322,0.634459,19.010379,337.87884,-57.242179,0.272299,1.310066,9.871948,0.296597,-4.769133,-0.165589,0.999557
6513183867045651456,343.3138141913774,-50.70571034682768,6.668538,-5.402153,0.711187,19.78621,338.44915,-57.482469,-0.149522,-0.406296,9.939033,-0.087908,-5.550597,0.55726,0.003289
6513191735424722688,344.293080146649,-51.15440094696717,7.380714,-5.644475,0.642393,19.415108,337.092972,-57.715224,-0.338437,-1.122449,9.24203,0.222625,-6.255148,0.756922,0.0
6513202524382728576,344.4321857495794,-50.87443276670835,7.12913,-5.205798,0.78713,19.987516,337.413282,-57.953894,0.893337,1.746984,9.212433,-0.069205,-5.913849,0.388865,1.0E-6
6513228023604300416,344.56143160524266,-50.71534203667326,7.097755,-4.990303,0.655859,18.995741,337.560392,-58.114886,-0.198359,-0.82101,9.163986,-0.241359,-5.834696,0.195431,6.0E-6
6513235234853960576,344.59185809530953,-50.551251406377276,7.226666,-5.324238,0.780388,19.837141,337.787218,-58.228855,-0.180924,-0.458167,9.177506,-0.406026,-6.025394,0.498274,0.0
6513240560613556224,344.344101244938,-50.42634839697721,6.973488,-4.944121,0.701302,18.44245,338.155834,-58.176672,0.424443,2.540399,9.356857,-0.497038,-5.711186,0.148159,9.9E-5
6513269422793502976,343.795612456912,-50.656084147915074,6.774589,-5.227627,0.609958,19.453697,338.192939,-57.759664,-0.12106,-0.346695,9.651118,-0.200901,-5.596801,0.412825,9.17E-4
6513255889352181504,344.24159322678344,-50.22242981027479,7.213473,-5.575,0.606335,18.890777,338.541763,-58.243989,0.207884,0.987001,9.462048,-0.683591,-6.077052,0.704076,0.0
6513256503532266240,344.0638494017126,-50.32777195651362,7.00426,-5.55826,0.618044,19.812709,338.506048,-58.090216,0.236948,0.688929,9.551859,-0.557352,-5.87716,0.712521,1.0E-6
6513263615997687168,343.7149365210094,-50.68836193224967,7.160776,-5.328193,0.592889,19.008251,338.199978,-57.699316,-0.015186,-0.0743,9.69439,-0.158669,-5.998911,0.422578,0.0
6513264646789895168,343.6658097182267,-50.62882192988048,7.130775,-5.947826,0.808482,20.535194,338.324482,-57.708794,0.133563,0.183263,9.737313,-0.210365,-6.101422,1.028607,0.0
6513275848064857344,343.498666559046,-50.41650202211805,6.900353,-5.509205,0.60846,18.983677,338.763893,-57.745168,0.182874,0.877911,9.885963,-0.395503,-5.79095,0.627669,1.0E-5
6513294505403015552,343.2724113306886,-50.17556255514529,6.793942,-5.592659,0.674103,19.74431,339.28929,-57.764188,0.078448,0.196853,10.07861,-0.600033,-5.714293,0.705097,7.5E-5
6513301759602918784,343.5376345005639,-50.26202395101137,6.977816,-5.133706,0.847464,16.994977,338.974318,-57.854295,0.206139,3.072474,9.894362,-0.551744,-5.785089,0.246319,1.6E-5
6513323814259970176,343.5115472157862,-49.98246451787076,6.593713,-5.185302,0.735448,19.801371,339.424611,-58.000113,0.061113,0.154287,9.969883,-0.821431,-5.420877,0.371698,0.043514
6513325326088490112,343.6091089541308,-49.88423899690676,6.809945,-5.097365,0.609889,19.583449,339.510018,-58.107583,0.127583,0.407296,9.929239,-0.930703,-5.609481,0.248673,7.12E-4
6513460982631437696,340.94951254606593,-51.61510913095279,6.480417,-5.278571,0.844083,20.649392,338.601922,-55.745215,-0.220218,-0.303196,11.172905,1.138004,-5.440232,0.253365,0.025295
6516722890033829120,339.13415669665017,-50.85041222737318,6.690249,-5.35855,0.64062,19.22264,340.802789,-55.179571,0.133989,0.517124,12.468205,0.691565,-5.731055,0.081611,8.0E-5
6513507299557118976,342.4867192388371,-51.58732193952299,6.79695,-5.745308,0.57007,19.649405,337.677508,-56.549738,0.255474,0.763926,10.251354,0.8862,-5.791352,0.790172,1.2E-5
6516741787889941504,338.8951655925314,-50.63272645430669,6.833221,-5.538756,0.823698,17.637162,341.265099,-55.156481,0.296096,3.428721,12.672712,0.522919,-5.925871,0.188695,1.0E-6
6513521073517630080,342.4312773055285,-51.232540117667554,6.730775,-5.615434,0.588919,19.41538,338.241936,-56.725008,-0.097881,-0.347986,10.365127,0.548378,-5.698953,0.667929,1.04E-4
6513526605435470080,342.0370212927545,-51.277348508111196,6.211303,-4.528264,0.728419,20.551272,338.429005,-56.49633,-1.630296,-2.118974,10.595105,0.648419,-4.959966,-0.310056,0.990137
6513531931195065088,342.02586420245177,-51.1554485468872,7.032454,-5.782973,0.708624,19.255473,338.618901,-56.559093,0.215114,0.837839,10.630103,0.531441,-6.049116,0.717917,0.0
6516765010776595328,339.02438405644557,-50.490060311975775,6.369904,-5.676972,0.597014,19.784434,341.411945,-55.298178,-0.137459,-0.378869,12.632403,0.363335,-5.511645,0.459096,0.006798
6516771371624716288,339.12498306025736,-50.41175178514928,6.430839,-5.769835,0.962542,16.182347,341.476329,-55.392491,0.016281,0.379332,12.591848,0.270649,-5.590757,0.541336,0.001217
6516787791283292416,338.3561495415897,-50.486488534218466,5.794492,-5.058799,0.706701,20.088992,341.7787,-54.928358,-0.207614,-0.463883,13.042189,0.476706,-4.814864,-0.041414,0.99941
6516789852867404544,338.5533798238001,-50.521253086112246,5.842394,-5.06423,0.624205,18.916417,341.620284,-55.021514,-0.329381,-1.692968,12.912021,0.475258,-4.855374,-0.031029,0.998885
6516793460639964544,338.4420967629418,-50.49439074966427,6.717972,-5.700338,0.694735,19.957446,341.720866,-54.972508,0.756943,1.90098,12.987469,0.469068,-5.877181,0.326126,2.0E-6
6516798889478551552,338.27775208985867,-50.558418043020374,6.606364,-5.647852,0.573223,19.31335,341.710551,-54.850116,0.605408,2.592843,13.069939,0.559701,-5.762287,0.290387,2.4E-5
6516799679752773248,338.28251544396767,-50.47209225832039,5.955032,-5.218545,0.75476,20.638348,341.839728,-54.894121,-0.277921,-0.320272,13.091204,0.47598,-5.016316,0.060104,0.986472
6516807857370631680,338.40018464723937,-50.32030081029519,6.184692,-5.132084,0.710492,20.327498,342.009564,-55.032543,-0.126613,-0.195099,13.061559,0.309282,-5.20788,-0.077588,0.667016
6516815519592218112,338.6738273116431,-50.38611795134118,5.855528,-5.237091,0.770208,20.512038,341.762063,-55.154023,-0.00179,-0.002429,12.875563,0.324217,-4.9107,0.14104,0.998523
6516823113094551040,338.85484782620546,-50.24516285122357,6.705909,-5.897422,0.60307,18.752564,341.880243,-55.323403,0.322396,1.922288,12.802977,0.157,-5.901424,0.559647,1.0E-6
6516826759521472256,338.8111410432055,-50.0627487263505,6.654623,-5.28142,0.727481,19.825782,342.185098,-55.386838,-0.588635,-1.379301,12.879698,-0.010848,-5.685139,-0.025648,2.92E-4
6516837922141932928,338.21456833311646,-50.07776147054331,6.276892,-5.872067,0.563449,18.906784,342.480542,-55.042694,-0.155808,-0.72289,13.243463,0.109647,-5.509967,0.586038,0.009349
6575920076381107968,322.12114405541354,-45.59502502934127,5.316687,-6.642764,0.893488,20.66348,354.241362,-46.044072,0.183742,0.131258,24.909389,0.086998,-5.573997,0.045332,0.002027
6575922584642330112,322.23677984237446,-45.50082049248108,5.22895,-6.709975,0.566482,19.43159,354.362202,-46.135773,0.192997,0.525432,24.882584,-0.034303,-5.523695,0.156814,0.004638
6501969638715850368,351.3827003927738,-50.64815708324061,7.417268,-4.672879,0.605766,19.096463,331.912826,-61.370715,0.40853,1.700417,4.903668,-0.965348,-5.827834,0.555567,4.0E-6
6502021968597077376,350.21434428868463,-50.5097821633905,7.124955,-4.7766,0.700313,19.778191,333.220567,-60.956247,-0.008628,-0.026533,5.656634,-1.018227,-5.598354,0.56752,0.00106
6502092028103536768,348.77608976976614,-52.478454625192704,7.374573,-4.980712,0.692262,20.38863,331.719153,-58.928413,0.646736,1.211526,6.285045,1.051113,-5.938608,0.617132,0.0
6502105875078567296,348.6301619293743,-52.11968393530856,7.45779,-5.254803,0.636605,20.153579,332.334948,-59.118756,0.169615,0.355979,6.424481,0.708706,-6.065685,0.854711,0.0
6502114812907219200,349.0786830232017,-52.08771320004399,7.586446,-5.09216,0.780095,18.358925,331.998711,-59.336304,0.28332,2.020915,6.15618,0.638386,-6.149688,0.724593,0.0
6502123162323684864,349.17557323663596,-51.958151846490466,7.276386,-4.775382,0.798301,17.961235,332.094618,-59.47031,0.221585,2.119527,6.114822,0.501893,-5.794787,0.461527,9.0E-6
6502158587214101504,348.25839444650626,-51.92946323964618,6.432305,-4.448691,0.750822,20.078547,332.911148,-59.087579,0.623455,1.309165,6.678556,0.553893,-4.948687,0.165755,0.997315
6502175075594305536,347.7626933992741,-51.787747483717,7.129203,-5.184117,0.562041,19.567574,333.519887,-58.962457,-0.424185,-1.527243,7.002673,0.460269,-5.769166,0.735083,1.9E-5
6502177274615225984,347.8012071600586,-51.69397918630853,7.225616,-5.099589,0.587408,18.968938,333.621727,-59.043763,-0.086635,-0.460894,6.993628,0.36394,-5.849384,0.639249,2.0E-6
6502184734973382016,348.343541678185,-51.76072955944655,7.224549,-4.653654,0.898743,20.711212,333.07767,-59.242346,0.640662,0.715724,6.651471,0.379237,-5.758889,0.257152,2.7E-5
6502215761817932800,349.3832607809328,-51.830447371966905,7.648518,-5.304844,0.647773,18.534309,332.09177,-59.651233,0.018701,0.122788,6.005006,0.3581,-6.225267,0.956612,0.0
6502235480011975808,348.8204842858207,-51.6353625028981,7.363656,-5.445128,0.552698,19.126249,332.850912,-59.541968,0.05661,0.276992,6.376993,0.212604,-5.989255,1.06937,0.0
6502250293355180800,349.50176577461673,-51.49830082620574,7.661587,-5.076811,0.834784,20.451847,332.452034,-59.939113,-0.493445,-0.698428,5.97612,0.019146,-6.201809,0.736654,0.0
6502261455973356928,349.30120840726727,-51.29220703706212,7.142247,-5.098615,0.678335,19.588689,332.920133,-59.996101,-0.116469,-0.324377,6.127545,-0.168483,-5.69862,0.802316,1.42E-4
6502273825479223680,348.85489025152197,-51.1272381131721,7.371591,-4.682909,0.722267,19.04221,333.545685,-59.910719,0.351241,1.584902,6.427156,-0.293494,-5.887297,0.309217,1.0E-6
6502289905836673792,348.46104756131035,-51.39357795025914,7.444327,-5.070566,0.6779,19.071236,333.500639,-59.548555,-0.125725,-0.58541,6.633,0.00535,-6.031648,0.644135,0.0
6502315538202150656,348.0500219147405,-51.04292034747032,7.267742,-4.697729,0.69899,19.33555,334.353797,-59.599193,-0.140697,-0.451588,6.939642,-0.303212,-5.817771,0.251968,8.0E-6
6502337356637622656,348.2215817846065,-50.94646191464191,6.995854,-4.763848,0.692621,20.39699,334.350115,-59.743969,0.170707,0.30043,6.847356,-0.414779,-5.55191,0.374522,0.002475
6502382333533983104,347.3068262169076,-51.49543767731662,7.244272,-5.066155,0.581882,19.755267,334.308395,-58.950779,0.43785,1.361093,7.328243,0.216374,-5.883393,0.547379,1.0E-6
6502384841794895872,347.12920580070494,-51.47814867105679,7.469787,-5.415241,0.593898,19.172982,334.476048,-58.87979,-0.04267,-0.193291,7.440186,0.217275,-6.170482,0.835596,0.0
6502467202086695552,346.71716852689974,-50.9303187262534,7.371876,-5.202122,0.646829,19.582138,335.60656,-59.044103,0.35504,1.220105,7.785878,-0.279978,-6.055611,0.588131,0.0
6502468301598300416,347.0069040704187,-50.97432053241116,7.221261,-5.351269,0.794538,20.480289,335.310329,-59.154136,-0.534703,-0.856326,7.598564,-0.267107,-5.919211,0.792359,0.0
6502482973206671872,346.31530803100634,-50.81397038888259,7.129362,-5.208757,0.72471,20.1243,336.095737,-58.924464,0.194413,0.415353,8.055695,-0.351027,-5.834977,0.591394,3.0E-6
6502579489712060672,346.9147788563123,-50.43895094362445,6.819261,-4.880072,0.630551,19.502232,336.183133,-59.456678,-0.05259,-0.174438,7.744894,-0.785387,-5.44731,0.376889,0.024962
6502611100671599360,347.27662161926844,-50.128630308609395,6.889398,-5.036632,0.578654,18.847952,336.358792,-59.833344,0.143267,0.782832,7.567697,-1.129432,-5.526404,0.55196,0.005795
6502615228136349440,347.15235309389374,-50.056696918435776,6.956518,-4.949356,1.231306,13.639807,336.570366,-59.818462,0.072599,4.567917,7.658067,-1.187458,-5.583512,0.441224,0.00127
6502673257437733120,349.69295011043545,-50.660201786715,7.00314,-4.943341,0.584443,19.375136,333.479685,-60.615328,0.534175,1.962328,5.966233,-0.827457,-5.521327,0.697155,0.010008
6502681301912751360,349.7503351426131,-50.52306215469266,7.155888,-4.891546,0.992761,15.777831,333.62757,-60.737349,0.117714,3.544185,5.947742,-0.968144,-5.663358,0.629914,2.38E-4
6502688581881276800,349.2592902918023,-50.57107553360016,6.996755,-4.536611,0.648434,19.154114,333.999205,-60.47966,0.368777,1.509764,6.250784,-0.879497,-5.479054,0.249364,0.011308
6502689234716313984,349.20124964003645,-50.54964982735151,7.284324,-5.013552,0.608263,19.420284,334.082296,-60.467755,-0.283396,-0.99947,6.290219,-0.895738,-5.830844,0.676672,4.0E-6
6502689342091567104,349.2487279186908,-50.56080327762443,7.402305,-4.948507,0.76065,19.927759,334.023687,-60.481901,-0.151158,-0.358859,6.258819,-0.88877,-5.936889,0.601501,0.0
6502702188337793280,349.08104717716117,-50.2878466580029,7.37081,-4.928824,0.586474,19.147906,334.576312,-60.5916,0.059642,0.222918,6.401842,-1.144638,-5.909635,0.564128,0.0
6502729126372974208,348.1826732679535,-50.427333987142326,7.088226,-4.71787,0.73459,20.05326,335.149984,-60.074547,0.222184,0.398893,6.949167,-0.924424,-5.636768,0.303421,3.77E-4
6502740499445998208,348.9532065258981,-50.4579341137348,6.949304,-4.9863,0.683136,19.238395,334.436967,-60.415899,0.390402,1.433033,6.459105,-0.964917,-5.506,0.668524,0.013254
6502755617731024896,348.69331452619025,-50.03779788796463,7.085324,-4.644564,0.601727,19.021858,335.293391,-60.577927,-0.145777,-0.679018,6.682838,-1.35747,-5.602449,0.278181,8.11E-4
6502970881491789824,347.76232548753154,-49.77691116882571,6.978246,-4.72314,0.603335,19.180231,336.49224,-60.299105,-0.201746,-0.78192,7.314766,-1.526204,-5.54387,0.272759,0.002874
6500650194699005568,347.91283412160504,-52.40011832366098,7.421092,-5.35478,0.733103,18.192645,332.5392,-58.608598,0.120269,0.940498,6.817172,1.051118,-6.078521,0.88481,0.0
6500855318041045888,347.22436909433407,-51.98589667034087,7.378917,-5.492304,0.610469,19.292825,333.673086,-58.583838,0.110882,0.422181,7.299296,0.708633,-6.090212,0.944874,0.0
6500864217213250048,346.841920731261,-52.01264017405717,6.999909,-4.86806,0.596911,19.206746,333.937249,-58.39124,0.374663,1.52253,7.527145,0.773834,-5.630378,0.351236,4.25E-4
6500871707636390144,346.95735799601124,-51.87281966345335,7.208791,-5.257685,0.537769,19.163595,334.045593,-58.537537,-0.387882,-1.670115,7.48028,0.624108,-5.895997,0.710576,1.0E-6
6500884802993461248,346.6517453340015,-52.17015556656015,6.995777,-4.874628,0.70995,18.419312,333.862072,-58.19914,0.169974,1.203201,7.615747,0.948805,-5.635448,0.341164,3.8E-4
6500910504077886848,346.0949031206148,-51.69355112674087,7.190821,-5.079384,0.938299,17.059621,334.972828,-58.253467,0.025643,0.436557,8.036708,0.539101,-5.884412,0.442865,1.0E-6
6500936613181406464,346.10373213042317,-51.528841388803826,6.786934,-4.906761,0.661898,18.664123,335.205237,-58.364158,0.431405,2.864895,8.06053,0.376031,-5.455494,0.343048,0.019969
6501155278556969344,352.09870730148015,-52.56444111084175,7.427753,-4.691292,0.720596,20.310239,328.642374,-60.21973,0.595335,1.018249,4.267358,0.896083,-5.812812,0.681899,6.0E-6
6501341955015271168,350.12095246551416,-52.58728141074946,7.453817,-4.691274,0.61114,19.057284,330.41718,-59.414149,0.212422,1.010335,5.459624,1.050726,-5.922418,0.467027,0.0
6501367144998723712,349.51245317818257,-52.0841760067769,7.621386,-5.0617,0.608908,19.95413,331.629083,-59.525299,-0.609342,-1.683661,5.892515,0.599063,-6.160785,0.73782,0.0
6501415106898346752,351.1414253063272,-52.04487967618892,7.641475,-5.05696,0.598286,18.90693,330.218273,-60.234717,-0.204432,-1.126234,4.903063,0.439479,-6.105354,0.910519,0.0
6501420089060435200,350.8439415889429,-51.93802808728168,6.463414,-4.235517,0.588357,19.083777,330.636449,-60.19207,0.031506,0.151599,5.097011,0.353692,-4.855434,0.193227,0.999592
6501458404465460992,349.64473303507197,-52.03616604602133,7.457129,-5.099902,1.04646,15.559475,331.579385,-59.616326,0.042642,1.507661,5.818145,0.540846,-5.996818,0.810886,0.0
6501457712973363712,349.6306539779876,-52.121812328782454,7.65391,-5.361283,0.667512,19.638385,331.474458,-59.548592,0.34879,1.283062,5.815612,0.626891,-6.226709,1.044408,0.0
6501462458914630912,349.52189655220093,-51.97510612043562,7.499559,-4.719626,0.585572,19.857722,331.77075,-59.607643,-0.426768,-1.33323,5.901085,0.490175,-5.994424,0.413934,0.0
6501469017327601024,349.77519097115015,-51.80042697398821,6.625916,-4.222596,0.65582,19.364071,331.789069,-59.841882,-0.03028,-0.122191,5.768705,0.296709,-5.053737,0.057342,0.973523
6501475653054097152,350.1962895733928,-51.88406973819885,7.609756,-5.294915,0.954138,17.180612,331.298425,-59.960797,0.438171,6.753119,5.500118,0.347166,-6.146341,1.043191,0.0
6501478985948720640,350.07791496164555,-51.83390678044141,6.59878,-4.120971,0.61053,18.908606,331.47337,-59.947073,-0.101129,-0.53192,5.578841,0.306375,-5.003501,-0.01056,0.986997
6501494860147916672,349.8186225399068,-51.65763425350041,7.307159,-5.224836,0.763925,20.034831,331.948477,-59.963221,0.088156,0.204577,5.760243,0.151651,-5.855168,0.966512,3.0E-6
6501507294076007552,349.7073886145439,-51.38140212029772,7.02626,-4.645657,0.740165,18.364319,332.434226,-60.112359,0.125742,0.827438,5.864258,-0.113445,-5.506746,0.411932,0.007075
6501570825232486400,352.4659244735852,-51.96812444589508,6.425207,-4.119281,0.688778,18.669703,329.060102,-60.822925,-0.083928,-0.52912,4.099547,0.281316,-4.745142,0.232228,0.999959
6501599829148221184,351.5640255890672,-52.03337981696762,7.407783,-4.496856,0.608277,19.928759,329.838673,-60.414684,-0.253359,-0.764841,4.645807,0.400369,-5.794936,0.424066,9.0E-6
6501601577199536000,351.3393612311281,-52.07723201317824,7.497511,-4.696129,0.743399,20.643362,329.991069,-60.290891,0.061008,0.084244,4.778581,0.4585,-5.91448,0.589516,0.0
6501607177835680512,351.46816868175904,-51.93799684438809,7.447403,-4.550955,0.583268,19.52685,330.055802,-60.44789,-0.18023,-0.698164,4.714464,0.311659,-5.843681,0.461867,3.0E-6
6501641232632969216,351.6505959831451,-51.61134913620807,7.344971,-4.685627,0.684739,18.948532,330.321184,-60.76801,0.114143,0.620575,4.636051,-0.024929,-5.74755,0.620171,2.8E-5
6501670812071184768,352.4559404808299,-51.64551016882087,7.445741,-5.000351,0.58631,19.556247,329.494207,-61.067206,-0.161566,-0.535707,4.135172,-0.039385,-5.841816,1.009703,5.0E-6
6501679440661694080,352.47700492970614,-51.48648894660899,7.633806,-5.050833,1.062,14.116546,329.685002,-61.197491,0.041087,2.543413,4.13665,-0.198937,-6.032436,1.04232,0.0
6498395538731030784,354.98498718085676,-52.56611354035561,6.885251,-4.021582,0.662157,19.245351,325.774273,-61.275338,0.016833,0.073967,2.517874,0.763336,-5.102054,0.349707,0.975478
6501725237896628224,351.9519018066518,-51.44820975690834,7.642342,-4.715328,0.874161,17.700139,330.251264,-61.014166,-0.058416,-0.624445,4.465925,-0.206056,-6.033157,0.649443,0.0
6498405434335826048,354.89491039540883,-52.32091338040318,7.806101,-4.583517,0.610933,19.43723,326.160571,-61.44521,0.052707,0.195419,2.586791,0.521698,-6.057187,0.84377,0.0
6501788562894359168,351.6250962141082,-50.634622441787364,7.054864,-4.352989,0.681633,19.158768,331.695638,-61.484836,0.286631,1.143893,4.752179,-0.99486,-5.424221,0.30013,0.036645
6501799149989897728,350.8664478104834,-51.6846446901748,7.690707,-5.102953,0.961664,16.832588,330.959676,-60.388883,0.134095,2.370599,5.111877,0.100363,-6.171613,0.914111,0.0
6501804853706465024,350.8848765286979,-51.670745188858156,7.707343,-5.1,0.849787,18.042606,330.961574,-60.406852,0.087613,0.770326,5.102092,0.085262,-6.186917,0.911114,0.0
6501845600060209920,350.8972446174751,-51.326534032463464,7.324546,-4.952935,0.591506,19.88917,331.423742,-60.665432,-0.034211,-0.076467,5.133249,-0.257623,-5.788755,0.803722,1.3E-5
6501846390334223232,350.8244655397331,-51.23894708250273,7.394748,-4.446514,0.839044,17.132686,331.613618,-60.698591,0.3233,4.763799,5.188389,-0.339497,-5.804094,0.283448,9.0E-6
6501848932954984960,350.5782589791957,-51.25356318733873,7.316967,-4.489464,0.747718,20.392251,331.822328,-60.582421,0.354592,0.57187,5.339797,-0.307205,-5.741319,0.309315,3.7E-5
6498530400704060032,353.6732035960059,-52.38146811112241,7.836997,-4.896018,0.589478,18.794874,327.339059,-60.957096,-0.129174,-0.655707,3.327387,0.631718,-6.165779,1.019307,0.0
6498546103104505344,353.15092093803685,-52.33459739718183,7.612498,-4.672411,0.740305,19.869442,327.91763,-60.800064,-1.256466,-3.386144,3.649069,0.609996,-5.948475,0.755661,0.0
6498577649640795008,353.7849350762663,-52.343991530821604,7.862186,-4.851061,0.916807,16.870724,327.273135,-61.028074,0.334757,6.191831,3.262116,0.589291,-6.182191,0.984387,0.0
6498579333267972480,353.7854238349643,-52.272535754600746,7.501298,-4.560942,0.894446,17.057599,327.361379,-61.085365,-0.023921,-0.392832,3.267055,0.518006,-5.800891,0.720229,8.0E-6
6501947992080634496,351.0639721714867,-50.78373860271974,7.603599,-4.777813,0.808382,18.331966,332.027255,-61.133903,0.028519,0.213961,5.089638,-0.80872,-6.038187,0.607592,0.0
6498610733772141824,354.0132039298726,-52.09409873648109,7.375312,-4.434568,0.758927,20.371681,327.351816,-61.311912,0.477818,0.869351,3.140551,0.330011,-5.656106,0.623954,2.83E-4
6498628222878947712,353.60866365276195,-52.151117541153816,6.622772,-3.961584,0.808242,20.695233,327.69179,-61.116614,0.560831,0.62941,3.384112,0.404993,-4.887062,0.168038,0.999161
6498642005429090688,353.2794810962247,-52.14526065698458,6.528203,-3.892207,0.588676,19.175934,328.029507,-60.997764,-0.112287,-0.527258,3.585952,0.4149,-4.799102,0.07542,0.99973
6498662410818474880,353.7203410001222,-51.854214326214056,7.554693,-4.802251,0.716481,18.2098,327.953996,-61.394063,-0.042441,-0.376787,3.337803,0.103773,-5.874313,0.942343,2.0E-6
6559477811996423424,327.8571222918665,-48.58566324524209,5.289616,-5.774087,0.762522,19.873212,348.7774,-49.309156,-0.337434,-0.830206,20.086786,1.045298,-4.958728,-0.170218,0.9915
6559483236538825600,327.67784297291183,-48.448503900470705,5.207781,-5.714383,0.569448,19.411666,349.027505,-49.22989,0.217012,0.76106,20.251318,0.968794,-4.865548,-0.208284,0.997845
6559669019644757120,333.0755750652473,-50.02643744289405,6.180412,-5.960448,0.712041,19.398685,344.909478,-52.074872,-0.446732,-1.453974,16.392518,1.095118,-5.662491,0.18022,2.55E-4
6559672936654949760,333.0680148251867,-49.84718926143963,5.801705,-5.426871,0.64528,19.860954,345.183065,-52.137458,0.07439,0.176533,16.459048,0.928599,-5.122327,-0.192002,0.893999
6559675857232488192,332.96198793416625,-49.83315352014653,5.585629,-5.538231,0.694392,18.868483,345.245642,-52.079186,-0.078805,-0.374783,16.528066,0.939113,-4.961953,-0.022731,0.993413
6559692006308763648,332.58304872165,-49.718500844776194,5.560289,-5.159927,0.628975,19.96391,345.564339,-51.893425,0.124448,0.291356,16.797446,0.917163,-4.81877,-0.404012,0.99853
6559693896094472320,332.69118387998213,-49.59195656882876,5.43936,-5.215787,0.615979,19.092068,345.714732,-52.004427,0.192722,0.800502,16.776305,0.774099,-4.721141,-0.300722,0.999675
6559720559251434496,332.2077152802969,-49.61381207816533,5.451974,-5.516691,0.686603,18.836747,345.862837,-51.703956,0.049212,0.264334,17.061739,0.905234,-4.85627,-0.066923,0.998721
6559724613700487168,332.020572277296,-49.70627426051873,5.452687,-5.820241,0.623288,19.039584,345.792221,-51.558,0.19986,0.978667,17.141846,1.034885,-4.972939,0.20003,0.99634
6559825219014601856,331.4300429959727,-49.65130267399283,5.188217,-5.540893,0.628998,20.19083,346.086831,-51.21854,-0.924542,-1.766326,17.517996,1.122028,-4.647929,-0.018242,0.999966
6559859853631511680,330.49493280324873,-49.6563957290474,5.602584,-5.803393,0.688489,19.70644,346.398836,-50.64595,-0.272329,-0.730106,18.078314,1.351622,-5.165176,-0.013641,0.814228
6559900707360528000,330.6177572400615,-49.28820314496545,5.242516,-5.715411,0.636415,20.08163,346.908957,-50.840204,-0.131938,-0.294424,18.142947,0.980461,-4.792477,0.048612,0.999726
6559918333905403648,331.7364136965339,-49.476353712179105,5.8426,-5.728537,0.745372,18.651071,346.241418,-51.465052,0.109946,0.612697,17.396547,0.886766,-5.313739,-0.054837,0.235091
6559945546818400384,331.54653539120056,-49.059143862077846,5.265197,-5.21213,0.674569,18.605546,346.939148,-51.488896,0.261004,1.755899,17.663515,0.54303,-4.593417,-0.347299,0.999934
6559948192518241024,331.4411534290121,-49.082733296755144,5.701844,-5.315006,0.645998,19.621859,346.940029,-51.415941,-0.077209,-0.253584,17.719186,0.590187,-5.041009,-0.420138,0.970908
6559949223310416640,331.3373353290025,-49.04375637235468,5.868144,-5.858512,0.750738,19.955453,347.034836,-51.364497,0.593321,1.526313,17.796763,0.578827,-5.398287,0.014513,0.058091
6559988565210804480,331.1579181301913,-49.11498685128345,5.518282,-5.775834,0.686435,19.112076,346.988514,-51.230162,-0.124755,-0.596167,17.879838,0.6883,-5.049617,0.049865,0.974925
6560082573455037184,333.11041347896054,-49.24681809933921,5.848595,-6.014041,0.599483,19.355748,346.078988,-52.383424,0.318096,1.30723,16.640604,0.355673,-5.365397,0.341399,0.125813
6560094019545230720,333.6312016995356,-49.13425539233761,6.303783,-6.037928,0.830932,17.991169,346.047036,-52.741385,0.20113,1.603873,16.359236,0.13353,-5.779413,0.25939,1.7E-5
6560348242952311168,332.2296419971936,-48.53752536982627,6.105367,-6.12669,0.815399,18.117096,347.493311,-52.086433,-0.064781,-0.50986,17.431568,-0.105625,-5.679571,0.263283,1.54E-4
6560645046668761600,329.613963911301,-49.14076518122482,5.120332,-5.417528,0.946925,16.772489,347.449608,-50.262553,0.437268,7.467452,18.805398,1.094414,-4.601783,-0.269767,0.999944
6560649474778370560,329.85910085817386,-49.052028431658115,5.418343,-5.665877,0.869906,17.863187,347.506352,-50.442352,-0.007237,-0.06901,18.691586,0.950576,-4.963655,-0.134599,0.991326
6560658992425845504,330.16780035863735,-49.12889648192041,5.430079,-5.494846,0.541606,19.162578,347.293926,-50.611288,0.146575,0.56919,18.475373,0.944193,-4.898436,-0.268355,0.996111
6560665009677258368,330.4500987093004,-48.997680250844134,5.821498,-6.122944,0.795607,20.171514,347.400259,-50.82785,-0.083221,-0.175744,18.353979,0.752627,-5.487874,0.190022,0.009432
6560677413542365824,329.73757749876273,-48.90902238166559,5.869684,-6.132864,1.076158,14.333365,347.758061,-50.409225,0.056437,3.08454,18.820314,0.849358,-5.564191,0.109666,0.002173
6560698437405551232,329.56813761858945,-49.038744555705456,5.530376,-5.729096,0.662361,19.164358,347.615936,-50.264419,-0.059141,-0.254263,18.872645,1.012023,-5.101835,-0.146568,0.922195
6560729086292421504,329.5462599337516,-48.75683364683793,5.297292,-5.881982,0.752134,18.626116,348.044293,-50.333773,0.083676,0.524864,18.995379,0.757817,-4.946262,0.080674,0.996392
6560745514542924032,329.4322914363001,-48.53266882333407,5.648837,-6.164968,0.712804,20.465261,348.414552,-50.326414,-0.059476,-0.093594,19.151977,0.580615,-5.383984,0.192215,0.073817
6560766572766480640,330.4417796753954,-48.655617796362975,5.29927,-5.659674,0.815684,17.998649,347.91868,-50.928028,0.350639,3.219913,18.488224,0.437957,-4.82855,-0.045214,0.999249
6560906936594342272,328.8384043563986,-48.68948393728268,5.560772,-5.737244,0.627728,19.144319,348.352851,-49.905457,0.022353,0.094924,19.451337,0.879226,-5.157688,-0.221818,0.828907
6560909543638378368,329.0098193173132,-48.641744557543234,5.569673,-5.727825,0.664661,20.228746,348.374828,-50.027506,0.113358,0.205266,19.36626,0.790574,-5.155968,-0.218271,0.832433
6560916930982251264,328.9148176075051,-48.43648373567472,5.100898,-5.704143,0.629689,19.296395,348.708955,-50.02418,0.452223,1.760182,19.5052,0.626905,-4.718781,-0.064791,0.999864
6560918271012345088,328.6338590289289,-48.65630607543325,5.083687,-5.373957,0.760444,18.390594,348.460317,-49.784862,0.253947,1.821675,19.588471,0.902557,-4.582262,-0.383814,0.999936
6560927101464803840,328.7392369274143,-48.459039921393625,5.106925,-6.042836,0.691135,18.848477,348.724878,-49.905996,0.242725,1.379117,19.603146,0.69384,-4.865678,0.22823,0.999591
6560978778511722496,328.21262102549684,-48.21758198636759,5.49105,-6.160371,0.637662,18.787206,349.229628,-49.632927,0.065379,0.386646,20.020687,0.613073,-5.285133,0.131459,0.350884
6560981355491025408,328.47091538302493,-48.194462398445026,5.298537,-6.035094,0.840331,17.518312,349.194451,-49.805118,0.26354,2.981016,19.872423,0.52259,-5.048172,0.118325,0.979715
4924083041683237504,2.585884308701005,-53.35419264184108,8.159489,-3.885848,0.73311,19.477246,316.348027,-62.690572,-0.155838,-0.595651,-2.06313,1.528634,-6.056422,1.01392,0.0
4924633106734321152,6.140437040076024,-51.87039151643306,8.201158,-3.472455,0.640232,18.806659,312.680796,-64.74614,0.105488,0.747514,-4.322358,0.203926,-5.969824,0.960171,0.0
6521471749474452352,358.8681340185128,-52.49538055184256,7.745272,-4.111746,0.719522,20.396829,321.561262,-62.561484,0.143759,0.294129,0.158951,0.621195,-5.804661,0.808181,8.0E-6
6521475559108760704,358.69279423897,-52.29161750065765,6.883233,-3.107232,0.654234,20.038521,321.975231,-62.690862,-0.415044,-1.053132,0.266933,0.417949,-4.944253,-0.214011,0.992781
6521484462577642112,358.2794044922922,-52.284885724548936,6.829781,-3.562062,0.645121,19.191875,322.464657,-62.575236,0.091942,0.483255,0.519855,0.413456,-4.908401,0.202037,0.99894
6521540224135945344,358.12277389024285,-52.8530858722395,7.740651,-4.021262,0.622791,18.571026,322.05143,-62.032069,0.225456,1.690526,0.607801,0.982825,-5.831284,0.645373,3.0E-6
6521596196149246464,356.48698195536605,-52.60999852284044,7.746333,-4.436179,0.802494,20.173715,324.125241,-61.73992,0.771437,1.702395,1.604232,0.76466,-5.918616,0.878841,0.0
6521609287209617536,357.1595273515609,-52.52785539071387,7.643104,-4.205275,0.740056,20.07044,323.476163,-62.023237,-0.286734,-0.685035,1.198231,0.669611,-5.778303,0.721876,1.5E-5
6521616846352186112,356.8999742754939,-52.23176697318134,7.703621,-4.283241,0.689166,19.733344,324.094162,-62.194101,-0.328771,-1.053906,1.365149,0.378216,-5.852148,0.764488,2.0E-6
6521621106959699200,356.6674295543987,-52.35616158013645,6.810672,-3.860153,0.611488,18.870159,324.212516,-62.013447,-0.009062,-0.050802,1.503299,0.507128,-4.955627,0.349307,0.998783
6521627227290490368,356.7055608393477,-52.287100282825534,6.849933,-3.66941,1.243682,13.738314,324.248241,-62.084385,0.065064,4.748232,1.482321,0.437323,-4.987017,0.159631,0.994348
6521691995397040000,357.46749785764985,-52.077520668722755,6.930971,-3.356021,0.713144,19.452401,323.624653,-62.506445,-0.116591,-0.44946,1.021199,0.214719,-5.033423,-0.087109,0.975094
6521729099617891712,356.6547036246715,-52.00579816505389,7.951848,-4.647485,0.725122,19.99463,324.625526,-62.306046,0.389261,0.971106,1.522975,0.15723,-6.123155,1.08938,0.0
6521750647470504064,357.25466996203164,-51.68836055842136,6.768839,-3.878183,0.973665,15.998193,324.307424,-62.771468,0.329201,9.613339,1.161986,-0.171134,-4.891372,0.411081,0.999781
6521785694403433728,359.88047649539806,-52.48808752505268,6.91923,-3.425496,0.621942,19.019608,320.369844,-62.846941,0.375981,1.966401,-0.457492,0.615963,-4.940626,0.22105,0.998213
6521797269338415360,359.28432740418856,-52.48819133979697,6.822424,-3.361997,0.650264,18.700978,321.079473,-62.684714,-0.071771,-0.445948,-0.094468,0.613816,-4.865006,0.100708,0.999229
6525718883717575168,353.03565468067643,-51.06924089855734,7.275673,-4.611417,0.633183,18.938639,329.682552,-61.741746,-0.028522,-0.140427,3.824961,-0.64511,-5.610967,0.688124,0.001015
6521921239274003200,359.6950466578953,-51.84698282428999,6.790949,-3.615904,0.618515,19.047199,321.225945,-63.37042,-0.090658,-0.48378,-0.349544,-0.026141,-4.817565,0.379684,0.99994
6525752212663746944,353.014101845081,-50.80385423419915,7.188187,-4.497344,0.689549,19.781769,330.064484,-61.937001,-0.196599,-0.566044,3.860707,-0.908429,-5.51479,0.575049,0.00809
6525777707589144064,352.7272440565363,-50.45136497349479,7.357093,-4.6076,0.602692,19.33815,330.846686,-62.087402,0.038463,0.148584,4.072286,-1.244006,-5.70421,0.634905,8.6E-5
6525794062824563200,352.0146223043298,-50.59845486179878,7.442292,-4.503596,0.620032,19.473667,331.361772,-61.677575,0.123685,0.475692,4.509847,-1.055592,-5.809338,0.450858,6.0E-6
6522001434903900160,358.7401985040056,-51.217889039639914,7.852959,-4.21385,0.582017,19.276102,323.064696,-63.645855,-0.142426,-0.674477,0.243696,-0.655929,-5.918366,0.870643,0.0
6525881680157783808,352.57142465546883,-49.99065591288062,7.057542,-4.468411,0.65785,19.920824,331.659901,-62.367781,0.102226,0.255563,4.21256,-1.694038,-5.399373,0.499455,0.091372
6522196220260685184,356.7562544822103,-50.55740689892072,7.232181,-4.011097,0.583828,19.682891,326.241201,-63.555683,-0.689554,-2.045298,1.507711,-1.292473,-5.377346,0.461094,0.129375
6522279336468420224,357.4296731474591,-50.51728649280916,7.470342,-3.86298,0.68235,19.674074,325.481314,-63.822818,0.233919,0.644779,1.080881,-1.344553,-5.585009,0.374057,0.001178
6522303388285308672,357.3910682010339,-50.42015866167801,7.194492,-3.73615,0.620048,19.105206,325.646932,-63.891466,0.05134,0.223364,1.107749,-1.441073,-5.307644,0.248125,0.289087
6522357543528070400,355.8676637722154,-52.47919968971131,7.590999,-4.13157,0.700135,20.444959,324.942989,-61.647181,0.437641,0.719093,1.985887,0.649237,-5.777558,0.511754,1.3E-5
6522395201802752896,355.8679665336025,-51.97271981915238,6.677809,-3.721001,0.924587,17.188425,325.534853,-62.069792,0.018043,0.284773,2.008381,0.143257,-4.846452,0.132796,0.999527
6522406506156787840,355.8190143836819,-51.78713043186583,7.985812,-4.742604,0.70873,20.469678,325.809859,-62.207048,-0.089595,-0.1483,2.046941,-0.04078,-6.201098,1.085832,0.0
6522424197124795392,355.29693157425123,-51.99064489506789,6.66414,-3.680184,0.621732,19.034739,326.132155,-61.857192,0.274049,1.402731,2.3588,0.178284,-4.85066,0.039707,0.999218
6522444954703946752,355.4802664738227,-51.95081611502593,7.683666,-4.215791,1.044014,14.46131,325.982644,-61.954072,0.190171,10.779696,2.248047,0.132709,-5.889417,0.539944,1.0E-6
6522488969528624640,356.3667225728552,-51.737122115301105,7.892612,-4.587692,0.791211,18.010009,325.26117,-62.436086,0.181035,1.735382,1.710329,-0.104878,-6.075345,0.994798,0.0
6522534320086298112,356.03096942093964,-51.28302139652337,7.447482,-4.154506,0.628987,19.675265,326.184776,-62.698419,0.453734,1.439515,1.937401,-0.550201,-5.627552,0.535491,4.98E-4
6522627782871271424,354.34541528710986,-51.71101908274512,7.738601,-4.397266,0.700186,18.566843,327.48761,-61.741531,0.193925,1.083586,2.962059,-0.066101,-6.001539,0.590537,0.0
6522681074826300288,353.99833991723403,-51.095970490177635,7.416746,-4.3129,0.580303,18.645773,328.645301,-62.099642,0.086848,0.529517,3.219904,-0.665001,-5.688246,0.480222,1.12E-4
6522717835448843520,353.3127896052208,-51.159871409908185,7.240015,-4.553467,0.592174,19.438537,329.276709,-61.781868,5.04E-4,0.002135,3.644157,-0.568986,-5.558814,0.663416,0.003519
6522728590046972032,353.82130552044305,-51.07814384588211,7.415396,-4.591725,0.663857,19.674399,328.855623,-62.04505,0.191388,0.678846,3.332105,-0.674821,-5.714323,0.739576,8.0E-5
6522781817578251648,354.3180907241843,-50.86170054819976,7.190772,-4.217,1.267123,13.382799,328.612063,-62.408141,0.08863,7.001342,3.035014,-0.912454,-5.443161,0.42876,0.029961
6522813424240868096,354.389414368476,-50.6352514638735,7.325539,-4.196464,0.56491,18.818367,328.834994,-62.614848,0.228057,1.180149,3.004815,-1.141373,-5.57322,0.402801,0.00156
6522835350048910976,353.7723035792532,-50.72553244926344,7.168493,-4.320496,0.775161,20.187978,329.377814,-62.301708,0.358451,0.796037,3.388721,-1.024228,-5.449878,0.47601,0.028588
6522863761257336832,353.4481734243381,-50.27003848464663,7.185649,-4.408976,0.742739,20.261247,330.345481,-62.523457,0.96019,1.811814,3.628847,-1.462807,-5.486351,0.522447,0.013874
6522905409558759040,356.3967254286657,-50.9944235655742,7.466153,-3.921377,0.594191,19.551129,326.121518,-63.066009,0.227391,0.794772,1.719634,-0.847754,-5.622256,0.334473,5.11E-4
6522917160589295616,356.33660377404766,-50.783245969843485,7.229185,-4.054858,0.880356,17.423815,326.45255,-63.219858,0.081928,1.168745,1.765552,-1.057341,-5.392718,0.466892,0.096257
4972012613259862144,1.2343669150720082,-53.774655704813505,8.002195,-3.948886,0.773692,18.098485,317.629057,-62.006701,-3.95E-4,-0.003856,-1.244621,1.918141,-5.957964,0.931938,0.0
4972209833862057216,2.1451075888143376,-52.74542116444541,8.029213,-3.931726,0.768579,18.404504,317.368574,-63.165014,0.31146,2.488206,-1.825406,0.908702,-5.945042,0.991959,0.0
4972240551467731968,2.9802163200134175,-52.431295520781475,7.313672,-3.259397,0.791722,20.138648,316.55853,-63.638888,-0.297474,-0.68205,-2.34704,0.618824,-5.227782,0.366379,0.748294
4972241827072899584,3.0456207597501956,-52.38433472750944,7.019417,-3.46249,0.60248,18.974051,316.510366,-63.696688,-0.151723,-0.872054,-2.389386,0.574055,-4.920683,0.558796,0.999861
4972343115286911744,0.8863284352524357,-52.644318100191484,7.212226,-3.488431,0.577787,19.211281,319.008137,-62.963427,0.151452,0.678249,-1.066157,0.782681,-5.195553,0.389542,0.866192
4972371805668837760,1.4612384330260344,-52.4687001560122,6.99434,-3.562526,0.741461,20.813927,318.454049,-63.26381,-0.357929,-0.32899,-1.420503,0.616937,-4.953659,0.509333,0.999583
4972374004692145536,1.6820322339009492,-52.367899020437335,6.866585,-3.487054,0.681355,20.058294,318.264702,-63.408981,0.132031,0.310098,-1.558472,0.520704,-4.820013,0.44823,0.999963
4972374107771370368,1.761559847447602,-52.34503728445105,7.087614,-3.411549,0.580438,19.13279,318.1841,-63.448754,-0.01447,-0.072613,-1.607827,0.499584,-5.04059,0.38767,0.994286
4972384965448688128,1.0453436487910321,-52.36654320965696,6.833809,-3.516882,0.761722,19.91083,319.061595,-63.256586,-0.048731,-0.141535,-1.16992,0.507433,-4.810663,0.417738,0.999961
4972388921115093760,1.4119329827617992,-52.30746823996094,6.968573,-3.338348,0.674475,19.852402,318.65679,-63.40027,0.100348,0.32962,-1.395528,0.454833,-4.936965,0.276318,0.998745
4972389402151428096,1.4486412892907474,-52.269912709475946,7.050673,-3.234357,0.801365,18.429621,318.643754,-63.443636,0.127922,1.024654,-1.419157,0.418005,-5.021035,0.177668,0.989987
4972412521957848448,2.6007577184720825,-52.302091187264395,7.196972,-3.209299,0.596471,19.453317,317.149663,-63.678633,-0.193491,-0.797602,-2.12211,0.478148,-5.127659,0.270444,0.944626
4972417886372435584,2.219990992025808,-52.35577663734171,7.930651,-3.917296,0.541703,19.153703,317.593609,-63.544107,0.103296,0.467169,-1.887224,0.521307,-5.84412,0.97297,4.0E-6
4972432622404785280,2.7252285996947156,-52.33561393388647,6.809577,-3.030945,0.611135,18.835284,316.96242,-63.674329,0.014245,0.092076,-2.196484,0.515319,-4.745046,0.086046,0.999901
4972434619566889472,3.051976197541404,-52.19634381595508,6.956783,-3.201346,0.879813,17.940862,316.648205,-63.874588,-0.009727,-0.111222,-2.403373,0.386545,-4.87216,0.291138,0.999679
4972463683609076992,3.151187078521552,-51.82100790818067,7.981866,-3.682508,0.618496,18.762708,316.81307,-64.247959,0.001427,0.00908,-2.484798,0.015093,-5.866032,0.829267,2.0E-6
4972477603599662720,2.4810988010301154,-52.096474536044155,6.972148,-3.189059,1.131607,14.169228,317.472093,-63.843971,0.083437,5.532193,-2.05847,0.269325,-4.90847,0.22379,0.99905
4972548693898634112,4.408693592498612,-52.42019615110652,6.993449,-3.06887,0.574203,19.444085,314.698977,-63.928908,-0.108529,-0.433648,-3.217136,0.66227,-4.868352,0.293467,0.999706
4972652872625376640,4.882920499518729,-51.711372350481476,8.062099,-3.576006,0.669404,18.780591,314.535535,-64.692058,0.343138,2.333394,-3.561431,-0.02248,-5.877967,0.911825,1.0E-6
4973110608762792960,0.5790893194086417,-52.47678354911514,6.983202,-3.324186,0.845855,20.509609,319.535047,-63.039167,-0.007212,-0.011834,-0.883095,0.61108,-4.981447,0.186946,0.995447
4973110918000434176,0.7046159386260298,-52.48812291449977,6.925418,-3.50899,0.847744,18.228546,319.371228,-63.060622,-0.052788,-0.434359,-0.959294,0.624003,-4.915275,0.382674,0.999567
4973114044736664960,0.6321434711776082,-52.400918954812816,6.780835,-3.20507,0.664761,19.451789,319.540038,-63.121607,-0.21309,-0.874148,-0.916969,0.535886,-4.779753,0.06714,0.9998
4973116999674399232,0.8024754998035666,-52.28728597405875,7.057905,-3.006271,0.687957,19.345488,319.434707,-63.268183,0.134926,0.603574,-1.023482,0.424546,-5.055671,-0.11188,0.963136
4973123184427063168,0.06097174150115217,-52.41884101952717,7.043244,-3.657425,0.730648,18.620907,320.218759,-62.957203,-0.17249,-1.21338,-0.568284,0.54799,-5.055237,0.470206,0.995069
4973128853784151936,0.7205921912858674,-52.24743460783232,7.043773,-3.667829,0.602025,19.198865,319.57286,-63.283659,-0.12558,-0.595585,-0.974274,0.383583,-5.029645,0.540481,0.998193
4973131224606098304,0.5730543422943791,-52.25364440720621,6.939243,-3.339665,0.800841,20.796768,319.749422,-63.240222,0.907061,0.784138,-0.883838,0.387912,-4.937495,0.196273,0.998106
4973132259695258624,0.52501989092393,-52.194986805414054,6.969244,-3.408521,0.904569,17.410321,319.8637,-63.280999,-0.126177,-1.770124,-0.855561,0.328692,-4.967882,0.259913,0.99749
4973133835946293888,0.8317842291615833,-52.118608358357136,7.123111,-3.111091,0.637674,19.86572,319.553919,-63.429165,0.104394,0.309361,-1.045344,0.25633,-5.117589,-0.006287,0.911579
4973136172408386432,0.9005716067006048,-52.362981662169894,6.93799,-3.542193,0.731892,18.549583,319.244146,-63.223847,-0.028157,-0.200321,-1.081633,0.501637,-4.9197,0.432023,0.999657
4973136481646041984,0.9350350930892107,-52.321826987588445,6.82249,-3.056297,0.628566,18.922426,319.238867,-63.270014,-0.042487,-0.249266,-1.103692,0.461011,-4.814971,-0.054199,0.999379
4973148507554608000,1.412526331001997,-52.07239955868339,7.051139,-2.918486,0.650149,18.753716,318.864716,-63.616269,0.019748,0.122412,-1.403253,0.219891,-5.032776,-0.145683,0.973474
4973150156822139264,1.5151844142765147,-51.97619067389466,6.889285,-3.500161,0.658728,18.481104,318.819971,-63.729638,0.173739,1.294816,-1.469471,0.125755,-4.848927,0.438204,0.999926
4973171253701089152,0.21597261601495438,-52.296724618208636,6.875533,-3.637159,0.614619,19.035609,320.146886,-63.108237,0.250242,1.34114,-0.664631,0.427195,-4.881824,0.459825,0.999873
4973175415526660608,0.17467581332497553,-52.22622828975997,6.655268,-3.218604,0.679722,19.853346,320.264694,-63.160909,0.388748,1.20112,-0.640387,0.356337,-4.669205,0.032806,0.999964
4973202594080294400,0.5331649945879432,-51.811617282634046,7.040898,-3.37055,0.603385,18.857283,320.218394,-63.630102,0.256365,1.43581,-0.867934,-0.05451,-5.040113,0.216169,0.987555
4973210973558073728,0.9259340986022766,-51.863259282323995,7.912669,-3.776107,0.572016,19.259663,319.67336,-63.685555,0.016498,0.070612,-1.109431,0.002446,-5.887606,0.68181,1.0E-6
4973252656218162432,2.5899643641622703,-51.619349978246056,7.013332,-3.316864,0.669059,18.847806,317.727138,-64.312735,-0.129559,-0.734188,-2.147924,-0.204137,-4.940201,0.353494,0.999134
4973399647179106816,0.16968967953090808,-51.75569021340123,7.783059,-3.869741,0.569393,19.489916,320.728751,-63.582998,0.266169,0.994525,-0.644045,-0.114197,-5.787896,0.689839,1.1E-5
4973417131988434560,1.0324209905893784,-51.56591741164407,7.741836,-3.741138,0.581204,19.394667,319.817437,-63.983428,0.225435,0.960238,-1.182932,-0.293126,-5.713454,0.647731,6.9E-5
