index,Z,log(age/yr),M_ini,M_act,logL/Lo,logTe,logG,mbol,gP1,rP1,iP1,zP1,yP1,wP1,int_IMF,stage,G,G_BP,G_RP
0,0.000131,10.0792,0.09614755,0.0961,-2.9421,3.5315,5.441,12.125,14.467,12.88,12.007,11.614,11.438,12.732,1.53202021,1,12.636,13.807,11.55
1,0.000131,10.0792,0.10972575,0.1097,-2.6582,3.5663,5.3536,11.416,13.235,11.885,11.264,10.97,10.815,11.863,1.66094553,1,11.793,12.732,10.825
2,0.000131,10.0792,0.1122951,0.1123,-2.6085,3.5724,5.3383,11.291,13.027,11.724,11.135,10.854,10.704,11.715,1.68345332,1,11.647,12.553,10.698
3,0.000131,10.0792,0.13229509,0.1323,-2.381,3.5928,5.2638,10.722,12.199,11.06,10.55,10.307,10.173,11.075,1.84188581,1,11.013,11.819,10.122
4,0.000131,10.0792,0.1522951,0.1523,-2.2215,3.6038,5.2095,10.324,11.676,10.62,10.144,9.917,9.792,10.642,1.97516561,1,10.581,11.339,9.719
5,0.000131,10.0792,0.18459019,0.1846,-2.0307,3.6148,5.146,9.847,11.083,10.103,9.659,9.448,9.333,10.132,2.15111184,1,10.071,10.784,9.238
6,0.000131,10.0792,0.23073775,0.2307,-1.8238,3.6259,5.0806,9.33,10.456,9.548,9.133,8.939,8.832,9.581,2.34298897,1,9.521,10.192,8.717
7,0.000131,10.0792,0.28073776,0.2807,-1.6532,3.6355,5.0333,8.903,9.94,9.09,8.7,8.519,8.419,9.126,2.49821615,1,9.066,9.703,8.286
8,0.000131,10.0792,0.34999999,0.35,-1.4678,3.6471,4.9902,8.439,9.377,8.589,8.227,8.062,7.973,8.629,2.6555202,1,8.568,9.167,7.818
9,0.000131,10.0792,0.40000001,0.4,-1.3444,3.6556,4.9588,8.131,9.002,8.256,7.914,7.76,7.677,8.298,2.7413373,1,8.237,8.81,7.507
10,0.000131,10.0792,0.44999999,0.45,-1.1931,3.6698,4.9155,7.753,8.52,7.841,7.531,7.394,7.323,7.886,2.81098008,1,7.824,8.354,7.129
11,0.000131,10.0792,0.5,0.4999,-1.0245,3.6859,4.8572,7.331,7.997,7.386,7.11,6.992,6.934,7.433,2.86847806,1,7.37,7.856,6.712
12,0.000131,10.0792,0.55000001,0.5499,-0.8196,3.7058,4.7732,6.819,7.378,6.845,6.607,6.512,6.469,6.893,2.91663504,1,6.827,7.262,6.214
13,0.000131,10.0792,0.60000002,0.5998,-0.6099,3.731,4.702,6.295,6.746,6.301,6.11,6.041,6.016,6.35,2.95739889,1,6.28,6.657,5.722
14,0.000131,10.0792,0.60730487,0.6071,-0.5776,3.7353,4.6922,6.214,6.651,6.219,6.035,5.971,5.948,6.267,2.96283889,1,6.197,6.565,5.649
15,0.000131,10.0792,0.61843032,0.6182,-0.5279,3.7419,4.6767,6.09,6.505,6.093,5.921,5.863,5.845,6.142,2.97089839,1,6.07,6.424,5.536
16,0.000131,10.0792,0.6283437,0.6281,-0.4833,3.7477,4.6622,5.978,6.375,5.981,5.819,5.767,5.752,6.03,2.9778595,1,5.957,6.299,5.435
17,0.000131,10.0792,0.63796794,0.6377,-0.4396,3.7533,4.6474,5.869,6.249,5.873,5.72,5.673,5.662,5.921,2.98442507,1,5.847,6.178,5.337
18,0.000131,10.0792,0.64930689,0.649,-0.3875,3.7597,4.6288,5.739,6.1,5.744,5.602,5.562,5.555,5.791,2.9919188,1,5.716,6.035,5.22
19,0.000131,10.0792,0.64999998,0.6497,-0.3844,3.7601,4.6277,5.731,6.091,5.736,5.595,5.555,5.548,5.784,2.9923687,1,5.708,6.026,5.213
20,0.000131,10.0792,0.65875363,0.6585,-0.3433,3.7649,4.6115,5.628,5.977,5.635,5.502,5.466,5.462,5.682,2.99797106,1,5.606,5.916,5.121
21,0.000131,10.0792,0.66897225,0.6687,-0.2946,3.7704,4.5913,5.506,5.842,5.516,5.391,5.361,5.36,5.562,3.00433111,1,5.485,5.785,5.011
22,0.000131,10.0792,0.67869276,0.6783,-0.2471,3.7755,4.5707,5.388,5.713,5.401,5.284,5.258,5.26,5.447,3.01020861,1,5.369,5.659,4.905
23,0.000131,10.0792,0.68797249,0.6876,-0.2004,3.7804,4.5492,5.271,5.586,5.288,5.179,5.157,5.162,5.334,3.01566935,1,5.255,5.536,4.801
24,0.000131,10.0792,0.69620764,0.6958,-0.1576,3.7846,4.5285,5.164,5.469,5.189,5.089,5.071,5.078,5.233,3.02039719,1,5.153,5.424,4.711
25,0.000131,10.0792,0.69999999,0.6996,-0.1375,3.7865,4.5185,5.114,5.414,5.143,5.046,5.031,5.038,5.186,3.02253795,1,5.105,5.372,4.669
26,0.000131,10.0792,0.70801431,0.7076,-0.0932,3.7904,4.4947,5.003,5.294,5.039,4.95,4.939,4.948,5.081,3.02698922,1,4.999,5.256,4.573
27,0.000131,10.0792,0.71653515,0.716,-0.0439,3.7945,4.4669,4.88,5.161,4.92,4.84,4.833,4.843,4.961,3.03161573,1,4.878,5.127,4.464
28,0.000131,10.0792,0.72401595,0.7235,0.0017,3.7981,4.44,4.766,5.038,4.811,4.736,4.733,4.745,4.85,3.03559065,1,4.766,5.007,4.361
29,0.000131,10.0792,0.73296994,0.7324,0.0596,3.8022,4.4038,4.621,4.882,4.669,4.601,4.602,4.616,4.707,3.04024482,1,4.622,4.856,4.227
30,0.000131,10.0792,0.7397626,0.7391,0.1069,3.8052,4.3726,4.503,4.757,4.551,4.489,4.493,4.509,4.59,3.0437026,1,4.504,4.733,4.115
31,0.000131,10.0792,0.74796772,0.7472,0.1687,3.8086,4.3293,4.348,4.593,4.397,4.341,4.349,4.366,4.435,3.04779816,1,4.349,4.572,3.968
32,0.000131,10.0792,0.75,0.7493,0.1845,3.8095,4.318,4.309,4.551,4.358,4.303,4.312,4.329,4.395,3.04879928,1,4.309,4.531,3.93
33,0.000131,10.0792,0.75132704,0.7506,0.1948,3.8101,4.3109,4.283,4.524,4.332,4.279,4.288,4.305,4.37,3.04944992,1,4.284,4.504,3.905
34,0.000131,10.0792,0.75941718,0.7586,0.2652,3.8135,4.259,4.107,4.338,4.157,4.109,4.122,4.14,4.193,3.05336976,1,4.106,4.321,3.736
35,0.000131,10.0792,0.76478523,0.7639,0.3162,3.8155,4.2188,3.979,4.203,4.029,3.985,4.0,4.019,4.065,3.05592632,1,3.977,4.189,3.612
36,0.000131,10.0792,0.76987445,0.7689,0.3672,3.8169,4.1764,3.852,4.07,3.9,3.859,3.876,3.895,3.936,3.05831814,1,3.849,4.058,3.487
37,0.000131,10.0792,0.77403504,0.773,0.4123,3.8175,4.1359,3.739,3.954,3.787,3.747,3.764,3.784,3.822,3.06025076,1,3.735,3.943,3.375
38,0.000131,10.0792,0.77834469,0.7772,0.4661,3.8164,4.0799,3.605,3.819,3.65,3.609,3.626,3.645,3.686,3.06223154,1,3.598,3.807,3.237
39,0.000131,10.0792,0.78193337,0.7807,0.5178,3.8134,4.0182,3.476,3.694,3.518,3.474,3.487,3.505,3.554,3.06386495,1,3.467,3.681,3.101
40,0.000131,10.0792,0.78327984,0.782,0.5389,3.8117,3.9911,3.423,3.644,3.464,3.417,3.429,3.446,3.5,3.06447411,2,3.414,3.629,3.044
41,0.000131,10.0792,0.78441215,0.7831,0.5598,3.8092,3.9608,3.371,3.596,3.411,3.359,3.369,3.385,3.447,3.06498456,2,3.361,3.58,2.986
42,0.000131,10.0792,0.78626287,0.7849,0.5971,3.8036,3.9019,3.277,3.513,3.314,3.254,3.259,3.271,3.351,3.06581616,2,3.266,3.493,2.88
43,0.000131,10.0792,0.78770453,0.7863,0.6313,3.7966,3.8407,3.192,3.443,3.225,3.153,3.151,3.16,3.263,3.06646132,2,3.179,3.417,2.777
44,0.000131,10.0792,0.78885865,0.7874,0.6629,3.7884,3.7768,3.113,3.385,3.139,3.054,3.043,3.049,3.18,3.06697607,2,3.097,3.352,2.676
45,0.000131,10.0792,0.78981292,0.7883,0.6923,3.7793,3.7115,3.039,3.339,3.059,2.956,2.937,2.938,3.102,3.06740069,2,3.022,3.295,2.577
46,0.000131,10.0792,0.79063928,0.7891,0.7209,3.7704,3.6479,2.968,3.289,2.984,2.867,2.839,2.837,3.028,3.06776738,2,2.95,3.238,2.487
47,0.000131,10.0792,0.79137725,0.7898,0.7512,3.7622,3.585,2.892,3.234,2.908,2.779,2.743,2.735,2.953,3.06809449,2,2.875,3.178,2.397
48,0.000131,10.0792,0.79196507,0.7903,0.7822,3.7558,3.529,2.815,3.175,2.831,2.692,2.649,2.638,2.876,3.06835437,2,2.8,3.114,2.308
49,0.000131,10.0792,0.79255587,0.7909,0.8213,3.7502,3.4677,2.717,3.093,2.733,2.585,2.537,2.522,2.779,3.06861544,2,2.704,3.028,2.2
50,0.000131,10.0792,0.7930373,0.7913,0.8605,3.7465,3.4137,2.619,3.007,2.636,2.482,2.43,2.413,2.682,3.06882787,2,2.607,2.939,2.097
51,0.000131,10.0792,0.79329073,0.7915,0.8828,3.7447,3.3844,2.563,2.957,2.581,2.424,2.37,2.352,2.627,3.06893945,3,2.553,2.887,2.038
52,0.000131,10.0792,0.79359376,0.7918,0.9129,3.743,3.3479,2.488,2.887,2.507,2.346,2.291,2.272,2.553,3.06907296,3,2.478,2.816,1.96
53,0.000131,10.0792,0.79399103,0.7921,0.954,3.741,3.2987,2.385,2.79,2.405,2.241,2.183,2.163,2.451,3.06924772,3,2.377,2.718,1.855
54,0.000131,10.0792,0.79439121,0.7925,0.9979,3.739,3.2473,2.275,2.687,2.296,2.129,2.069,2.048,2.342,3.06942368,3,2.268,2.613,1.742
55,0.000131,10.0792,0.79477459,0.7928,1.0426,3.7374,3.1961,2.164,2.581,2.186,2.016,1.955,1.931,2.231,3.069592,3,2.158,2.506,1.629
56,0.000131,10.0792,0.79518199,0.7931,1.0933,3.7356,3.1386,2.037,2.46,2.06,1.888,1.824,1.8,2.106,3.06977081,3,2.032,2.383,1.5
57,0.000131,10.0792,0.79552388,0.7933,1.1388,3.7341,3.0872,1.923,2.351,1.947,1.773,1.708,1.682,1.993,3.06992078,3,1.92,2.274,1.385
58,0.000131,10.0792,0.79586971,0.7936,1.1886,3.7326,3.0314,1.798,2.232,1.824,1.647,1.581,1.554,1.87,3.07007217,3,1.797,2.153,1.258
59,0.000131,10.0792,0.7962091,0.7938,1.2418,3.731,2.9717,1.665,2.104,1.692,1.512,1.445,1.416,1.738,3.07022071,3,1.665,2.024,1.123
60,0.000131,10.0792,0.79648298,0.7939,1.2887,3.7295,2.9191,1.548,1.992,1.576,1.394,1.325,1.295,1.622,3.07034039,3,1.549,1.911,1.005
61,0.000131,10.0792,0.79674715,0.7941,1.3379,3.728,2.8641,1.425,1.874,1.454,1.269,1.199,1.168,1.5,3.07045579,3,1.427,1.792,0.88
62,0.000131,10.0792,0.79698449,0.7941,1.386,3.7265,2.8101,1.305,1.759,1.335,1.148,1.076,1.044,1.38,3.0705595,3,1.308,1.676,0.758
63,0.000131,10.0792,0.79719955,0.7942,1.4335,3.725,2.7564,1.186,1.645,1.217,1.028,0.954,0.921,1.263,3.0706532,3,1.191,1.561,0.638
64,0.000131,10.0792,0.79739195,0.7942,1.4802,3.7235,2.7038,1.07,1.534,1.102,0.91,0.835,0.801,1.147,3.07073712,3,1.075,1.449,0.52
65,0.000131,10.0792,0.79757404,0.7942,1.5285,3.722,2.6493,0.949,1.418,0.982,0.788,0.711,0.676,1.028,3.07081652,3,0.956,1.332,0.397
66,0.000131,10.0792,0.79773575,0.7941,1.5755,3.7204,2.5959,0.831,1.306,0.866,0.669,0.591,0.555,0.912,3.07088709,3,0.84,1.219,0.278
67,0.000131,10.0792,0.7978794,0.7941,1.6211,3.7188,2.5441,0.717,1.198,0.754,0.554,0.474,0.438,0.799,3.07094955,3,0.728,1.11,0.163
68,0.000131,10.0792,0.79800963,0.794,1.6661,3.7173,2.493,0.605,1.092,0.643,0.441,0.36,0.322,0.689,3.0710063,3,0.617,1.003,0.049
69,0.000131,10.0792,0.79813164,0.7938,1.7119,3.7157,2.4406,0.49,0.984,0.53,0.325,0.242,0.202,0.575,3.07105947,3,0.504,0.893,-0.067
70,0.000131,10.0792,0.79823947,0.7937,1.7562,3.7141,2.3899,0.38,0.88,0.42,0.213,0.128,0.087,0.466,3.07110643,3,0.395,0.787,-0.18
71,0.000131,10.0792,0.79833901,0.7935,1.8005,3.7125,2.3393,0.269,0.776,0.311,0.101,0.014,-0.028,0.356,3.07114959,3,0.286,0.682,-0.292
72,0.000131,10.0792,0.79843044,0.7933,1.8446,3.7109,2.2886,0.159,0.672,0.202,-0.011,-0.099,-0.142,0.247,3.0711894,3,0.177,0.577,-0.404
73,0.000131,10.0792,0.79851156,0.793,1.8869,3.7093,2.2397,0.053,0.574,0.098,-0.119,-0.208,-0.252,0.143,3.07122469,3,0.073,0.477,-0.512
74,0.000131,10.0792,0.79858667,0.7928,1.9292,3.7078,2.1911,-0.053,0.475,-0.006,-0.225,-0.317,-0.362,0.039,3.07125735,3,-0.031,0.377,-0.619
75,0.000131,10.0792,0.79865873,0.7925,1.9731,3.7061,2.1404,-0.163,0.374,-0.114,-0.336,-0.429,-0.476,-0.069,3.07128859,3,-0.138,0.273,-0.73
76,0.000131,10.0792,0.79872048,0.7921,2.0137,3.7045,2.0931,-0.264,0.28,-0.214,-0.439,-0.534,-0.581,-0.168,3.07131553,3,-0.238,0.178,-0.833
77,0.000131,10.0792,0.79877752,0.7918,2.0541,3.703,2.0464,-0.365,0.187,-0.312,-0.54,-0.637,-0.686,-0.267,3.07134032,3,-0.336,0.083,-0.936
78,0.000131,10.0792,0.79883212,0.7914,2.0957,3.7014,1.9982,-0.469,0.09,-0.414,-0.645,-0.744,-0.794,-0.369,3.07136393,3,-0.438,-0.015,-1.041
79,0.000131,10.0792,0.79887974,0.791,2.1346,3.6997,1.9524,-0.566,0.002,-0.51,-0.744,-0.845,-0.896,-0.465,3.07138467,3,-0.533,-0.106,-1.14
80,0.000131,10.0792,0.79892427,0.7905,2.1728,3.6982,1.9079,-0.662,-0.086,-0.603,-0.841,-0.943,-0.995,-0.558,3.07140398,3,-0.626,-0.195,-1.237
81,0.000131,10.0792,0.7989707,0.7899,2.2113,3.6967,1.863,-0.758,-0.174,-0.698,-0.938,-1.042,-1.095,-0.652,3.07142425,3,-0.72,-0.285,-1.334
82,0.000131,10.0792,0.79902214,0.7892,2.2386,3.6956,1.8311,-0.827,-0.236,-0.765,-1.007,-1.112,-1.166,-0.719,3.07144666,3,-0.787,-0.348,-1.404
83,0.000131,10.0792,0.79904872,0.7889,2.2317,3.6961,1.8399,-0.809,-0.221,-0.748,-0.989,-1.094,-1.148,-0.703,3.0714581,3,-0.77,-0.333,-1.386
84,0.000131,10.0792,0.79905641,0.7888,2.2403,3.6958,1.8297,-0.831,-0.241,-0.769,-1.011,-1.116,-1.17,-0.724,3.07146144,3,-0.791,-0.353,-1.408
85,0.000131,10.0792,0.79909194,0.7882,2.2825,3.6939,1.7798,-0.936,-0.336,-0.872,-1.117,-1.225,-1.281,-0.826,3.07147694,3,-0.894,-0.451,-1.515
86,0.000131,10.0792,0.79912692,0.7875,2.3265,3.6922,1.7284,-1.046,-0.436,-0.979,-1.228,-1.338,-1.395,-0.934,3.07149196,3,-1.001,-0.553,-1.626
87,0.000131,10.0792,0.7991578,0.7869,2.3679,3.6903,1.679,-1.15,-0.528,-1.08,-1.333,-1.445,-1.503,-1.034,3.07150555,3,-1.101,-0.648,-1.731
88,0.000131,10.0792,0.79918694,0.7861,2.4098,3.6884,1.6293,-1.255,-0.621,-1.181,-1.438,-1.552,-1.612,-1.136,3.07151818,3,-1.202,-0.743,-1.837
89,0.000131,10.0792,0.7992152,0.7853,2.4535,3.6865,1.5776,-1.364,-0.718,-1.287,-1.547,-1.664,-1.725,-1.241,3.07153034,3,-1.307,-0.843,-1.947
90,0.000131,10.0792,0.79923904,0.7844,2.4931,3.6846,1.5301,-1.463,-0.805,-1.382,-1.647,-1.765,-1.829,-1.337,3.07154059,3,-1.402,-0.932,-2.047
91,0.000131,10.0792,0.79926234,0.7835,2.5346,3.6828,1.4805,-1.567,-0.896,-1.482,-1.751,-1.872,-1.937,-1.437,3.07155085,3,-1.502,-1.026,-2.151
92,0.000131,10.0792,0.79928464,0.7824,2.5772,3.6808,1.4295,-1.673,-0.989,-1.584,-1.858,-1.981,-2.048,-1.539,3.07156038,3,-1.604,-1.122,-2.259
93,0.000131,10.0792,0.79930818,0.7811,2.6256,3.6785,1.3711,-1.794,-1.093,-1.7,-1.979,-2.105,-2.174,-1.655,3.07157063,3,-1.719,-1.23,-2.38
94,0.000131,10.0792,0.79932725,0.7798,2.668,3.6765,1.3201,-1.9,-1.184,-1.801,-2.085,-2.214,-2.284,-1.756,3.07157898,3,-1.82,-1.324,-2.487
95,0.000131,10.0792,0.79934365,0.7785,2.7074,3.6746,1.2721,-1.999,-1.267,-1.895,-2.183,-2.314,-2.387,-1.85,3.07158613,3,-1.913,-1.411,-2.586
96,0.000131,10.0792,0.7993626,0.7767,2.756,3.6721,1.2127,-2.12,-1.369,-2.01,-2.304,-2.439,-2.513,-1.965,3.07159424,3,-2.028,-1.517,-2.707
97,0.000131,10.0792,0.7993775,0.7751,2.7975,3.6701,1.1623,-2.224,-1.457,-2.108,-2.407,-2.545,-2.621,-2.063,3.07160068,3,-2.126,-1.609,-2.811
98,0.000131,10.0792,0.79939252,0.7731,2.8425,3.6677,1.1065,-2.336,-1.548,-2.213,-2.519,-2.659,-2.738,-2.169,3.07160735,3,-2.231,-1.705,-2.923
99,0.000131,10.0792,0.79940563,0.7711,2.8845,3.6656,1.0548,-2.441,-1.635,-2.311,-2.623,-2.766,-2.846,-2.267,3.07161307,3,-2.33,-1.795,-3.028
100,0.000131,10.0792,0.79941863,0.7687,2.9294,3.6632,0.999,-2.554,-1.725,-2.416,-2.734,-2.881,-2.963,-2.372,3.07161856,3,-2.434,-1.891,-3.14
101,0.000131,10.0792,0.79942936,0.7664,2.9687,3.661,0.9499,-2.652,-1.801,-2.508,-2.833,-2.983,-3.067,-2.465,3.07162333,3,-2.527,-1.973,-3.24
102,0.000131,10.0792,0.79944104,0.7635,3.0148,3.6586,0.8922,-2.767,-1.888,-2.616,-2.949,-3.103,-3.189,-2.573,3.07162833,3,-2.634,-2.068,-3.357
103,0.000131,10.0792,0.79945213,0.7602,3.0617,3.6559,0.8328,-2.884,-1.974,-2.724,-3.067,-3.225,-3.314,-2.682,3.0716331,3,-2.743,-2.163,-3.475
104,0.000131,10.0792,0.79946208,0.7567,3.107,3.6534,0.7755,-2.997,-2.056,-2.829,-3.18,-3.342,-3.434,-2.787,3.07163739,3,-2.847,-2.254,-3.589
105,0.000131,10.0792,0.79947144,0.7527,3.1522,3.6508,0.7175,-3.11,-2.137,-2.933,-3.294,-3.46,-3.554,-2.891,3.07164145,3,-2.951,-2.343,-3.704
106,0.000131,10.0792,0.79948008,0.7483,3.1968,3.6482,0.6601,-3.222,-2.213,-3.034,-3.405,-3.575,-3.672,-2.993,3.07164526,3,-3.052,-2.43,-3.815
107,0.000131,10.0792,0.79948819,0.7435,3.2394,3.6457,0.6047,-3.328,-2.285,-3.13,-3.51,-3.685,-3.784,-3.09,3.07164884,3,-3.148,-2.512,-3.922
108,0.000131,10.0792,0.79949176,0.7412,3.2569,3.6447,0.5817,-3.372,-2.314,-3.169,-3.554,-3.73,-3.83,-3.13,3.07165027,4,-3.188,-2.545,-3.966
109,0.000131,10.0792,0.79949176,0.7409,1.6664,3.9227,3.2839,0.604,0.559,0.726,0.896,0.995,1.011,0.72,3.07165027,4,0.601,0.638,0.526
110,0.000131,10.0792,0.79949397,0.7409,1.6841,3.9127,3.2265,0.56,0.508,0.656,0.812,0.904,0.919,0.652,3.07165122,4,0.535,0.583,0.441
111,0.000131,10.0792,0.79954541,0.741,1.6923,3.9092,3.2042,0.539,0.486,0.626,0.777,0.867,0.882,0.623,3.07167363,4,0.507,0.559,0.406
112,0.000131,10.0792,0.79959738,0.741,1.6923,3.9098,3.2068,0.539,0.486,0.627,0.78,0.87,0.885,0.625,3.07169604,4,0.508,0.559,0.409
113,0.000131,10.0792,0.79965013,0.741,1.6922,3.9104,3.2093,0.54,0.486,0.629,0.782,0.873,0.888,0.626,3.07171893,4,0.51,0.56,0.411
114,0.000131,10.0792,0.79970324,0.741,1.6921,3.9109,3.2113,0.54,0.487,0.631,0.785,0.876,0.89,0.627,3.07174206,4,0.511,0.561,0.413
115,0.000131,10.0792,0.79975766,0.741,1.6921,3.9112,3.2125,0.54,0.487,0.631,0.786,0.877,0.892,0.628,3.07176566,4,0.512,0.561,0.415
116,0.000131,10.0792,0.79980814,0.741,1.6922,3.9113,3.2127,0.54,0.487,0.631,0.786,0.877,0.892,0.628,3.0717876,4,0.512,0.561,0.415
117,0.000131,10.0792,0.79986292,0.741,1.6924,3.9111,3.2117,0.539,0.486,0.63,0.785,0.876,0.89,0.627,3.0718112,4,0.511,0.56,0.413
118,0.000131,10.0792,0.79991907,0.741,1.6928,3.9106,3.2093,0.538,0.485,0.628,0.782,0.872,0.887,0.625,3.07183552,4,0.509,0.559,0.41
119,0.000131,10.0792,0.79996961,0.741,1.6934,3.9097,3.2052,0.536,0.483,0.624,0.776,0.867,0.881,0.622,3.07185745,4,0.505,0.556,0.405
120,0.000131,10.0792,0.80002266,0.7411,1.6944,3.9083,3.1989,0.534,0.481,0.619,0.769,0.858,0.873,0.617,3.07188034,4,0.501,0.553,0.398
121,0.000131,10.0792,0.80007619,0.7411,1.6957,3.9065,3.19,0.531,0.477,0.611,0.758,0.847,0.861,0.61,3.07190371,4,0.495,0.549,0.387
122,0.000131,10.0792,0.80012667,0.7411,1.6972,3.9043,3.1799,0.527,0.474,0.602,0.746,0.833,0.847,0.602,3.0719254,4,0.487,0.545,0.375
123,0.000131,10.0792,0.8001768,0.7411,1.699,3.9017,3.1675,0.522,0.469,0.592,0.732,0.817,0.831,0.592,3.0719471,4,0.479,0.539,0.36
124,0.000131,10.0792,0.80022794,0.7411,1.7012,3.8984,3.1522,0.517,0.465,0.579,0.714,0.797,0.811,0.581,3.07196927,4,0.468,0.533,0.343
125,0.000131,10.0792,0.80028164,0.7411,1.704,3.8943,3.1332,0.51,0.461,0.564,0.692,0.773,0.787,0.568,3.07199264,4,0.456,0.526,0.321
126,0.000131,10.0792,0.80033237,0.7411,1.7069,3.89,3.113,0.503,0.456,0.548,0.669,0.747,0.761,0.554,3.07201457,4,0.443,0.519,0.298
127,0.000131,10.0792,0.80038333,0.7411,1.7102,3.885,3.0897,0.494,0.455,0.532,0.644,0.719,0.733,0.541,3.0720365,4,0.432,0.515,0.273
128,0.000131,10.0792,0.80043578,0.7411,1.7141,3.8793,3.0628,0.485,0.455,0.514,0.615,0.686,0.7,0.525,3.07205915,4,0.418,0.51,0.244
129,0.000131,10.0792,0.8004896,0.7411,1.7185,3.8726,3.0318,0.474,0.455,0.495,0.584,0.65,0.664,0.509,3.07208252,4,0.404,0.506,0.213
130,0.000131,10.0792,0.80053973,0.7411,1.723,3.8659,3.0007,0.463,0.457,0.476,0.553,0.614,0.628,0.493,3.07210422,4,0.39,0.503,0.182
131,0.000131,10.0792,0.8005445,0.7411,1.7234,3.8653,2.9976,0.461,0.457,0.475,0.55,0.611,0.625,0.492,3.07210636,4,0.389,0.503,0.179
132,0.000131,10.0792,0.80059105,0.7411,1.7277,3.8591,2.9687,0.451,0.46,0.459,0.522,0.578,0.592,0.479,3.07212639,4,0.377,0.5,0.151
133,0.000131,10.0792,0.80064243,0.7411,1.7325,3.8519,2.9351,0.439,0.465,0.443,0.492,0.542,0.556,0.465,3.07214856,4,0.365,0.499,0.12
134,0.000131,10.0792,0.80069649,0.7411,1.7381,3.8438,2.897,0.425,0.471,0.425,0.459,0.502,0.515,0.449,3.07217193,4,0.352,0.499,0.087
135,0.000131,10.0792,0.80074698,0.7411,1.7438,3.8356,2.8583,0.41,0.478,0.408,0.426,0.461,0.474,0.434,3.07219386,4,0.339,0.499,0.053
136,0.000131,10.0792,0.80080009,0.741,1.7502,3.8268,2.817,0.395,0.485,0.389,0.391,0.419,0.431,0.418,3.07221675,4,0.325,0.499,0.017
137,0.000131,10.0792,0.8008514,0.741,1.7566,3.8183,2.7765,0.379,0.493,0.372,0.357,0.378,0.387,0.403,3.07223892,4,0.311,0.5,-0.017
138,0.000131,10.0792,0.80090308,0.741,1.763,3.8102,2.7378,0.363,0.5,0.355,0.325,0.338,0.346,0.388,3.07226133,4,0.298,0.5,-0.05
139,0.000131,10.0792,0.80095345,0.741,1.7697,3.8022,2.6988,0.346,0.506,0.338,0.294,0.299,0.304,0.372,3.07228303,4,0.284,0.5,-0.083
140,0.000131,10.0792,0.80100405,0.7409,1.7767,3.7948,2.6625,0.328,0.515,0.322,0.264,0.262,0.265,0.358,3.07230496,4,0.272,0.502,-0.113
141,0.000131,10.0792,0.80106026,0.7409,1.7832,3.7871,2.6249,0.312,0.531,0.309,0.235,0.226,0.226,0.347,3.07232928,4,0.263,0.508,-0.143
142,0.000131,10.0792,0.80111605,0.7408,1.7959,3.778,2.5758,0.28,0.538,0.282,0.19,0.172,0.168,0.323,3.07235336,4,0.241,0.506,-0.189
143,0.000131,10.0792,0.80116665,0.7407,1.8129,3.7691,2.5231,0.238,0.525,0.243,0.135,0.107,0.099,0.285,3.0723753,4,0.205,0.485,-0.247
144,0.000131,10.0792,0.80120343,0.7407,1.8373,3.7602,2.463,0.177,0.494,0.185,0.061,0.024,0.012,0.228,3.07239103,4,0.149,0.446,-0.322
145,0.000131,10.0792,0.80122536,0.7406,1.8665,3.7516,2.3993,0.104,0.45,0.115,-0.023,-0.069,-0.086,0.159,3.07240057,4,0.082,0.395,-0.408
146,0.000131,10.0792,0.80123574,0.7406,1.8967,3.744,2.3388,0.028,0.4,0.043,-0.108,-0.161,-0.183,0.087,3.0724051,4,0.012,0.338,-0.494
147,0.000131,10.0792,0.80124074,0.7406,1.9294,3.7371,2.2784,-0.054,0.344,-0.035,-0.198,-0.259,-0.284,0.01,3.07240725,4,-0.065,0.276,-0.586
148,0.000131,10.0792,0.80124336,0.7406,1.9655,3.7309,2.2178,-0.144,0.278,-0.121,-0.296,-0.363,-0.392,-0.076,3.0724082,4,-0.15,0.204,-0.685
149,0.000131,10.0792,0.8012445,0.7406,1.9933,3.7272,2.175,-0.213,0.224,-0.188,-0.37,-0.44,-0.472,-0.143,3.07240891,7,-0.216,0.146,-0.759
150,0.000131,10.0792,0.8012448,0.7406,2.0028,3.7261,2.1613,-0.237,0.204,-0.211,-0.394,-0.466,-0.499,-0.166,3.07240891,7,-0.239,0.126,-0.784
151,0.000131,10.0792,0.80124575,0.7406,2.0423,3.7222,2.1062,-0.336,0.121,-0.306,-0.497,-0.572,-0.608,-0.261,3.07240939,7,-0.333,0.039,-0.887
152,0.000131,10.0792,0.8012467,0.7406,2.0818,3.7188,2.0529,-0.435,0.037,-0.402,-0.599,-0.678,-0.716,-0.357,3.07240963,7,-0.428,-0.048,-0.99
153,0.000131,10.0792,0.8012476,0.7406,2.119,3.7159,2.004,-0.528,-0.042,-0.492,-0.694,-0.777,-0.816,-0.447,3.07241011,7,-0.518,-0.131,-1.086
154,0.000131,10.0792,0.80124849,0.7406,2.1527,3.7134,1.9606,-0.612,-0.115,-0.574,-0.781,-0.866,-0.908,-0.529,3.07241058,7,-0.6,-0.206,-1.173
155,0.000131,10.0792,0.80124998,0.7405,2.1801,3.7117,1.9262,-0.68,-0.176,-0.641,-0.852,-0.938,-0.981,-0.596,3.07241106,7,-0.666,-0.269,-1.244
156,0.000131,10.0792,0.80125272,0.7405,2.1545,3.7136,1.9596,-0.616,-0.121,-0.579,-0.786,-0.87,-0.912,-0.534,3.07241225,7,-0.605,-0.212,-1.178
157,0.000131,10.0792,0.80127001,0.7404,2.1374,3.7145,1.98,-0.574,-0.082,-0.537,-0.742,-0.825,-0.866,-0.492,3.07241988,7,-0.563,-0.172,-1.134
158,0.000131,10.0792,0.80128634,0.7402,2.1704,3.7119,1.9365,-0.656,-0.152,-0.617,-0.827,-0.913,-0.956,-0.571,3.0724268,7,-0.642,-0.245,-1.22
159,0.000131,10.0792,0.80130613,0.74,2.2164,3.7086,1.8774,-0.771,-0.252,-0.729,-0.945,-1.035,-1.08,-0.683,3.07243538,7,-0.753,-0.348,-1.339
160,0.000131,10.0792,0.80132502,0.7397,2.2602,3.7058,1.822,-0.881,-0.347,-0.835,-1.057,-1.151,-1.197,-0.79,3.07244349,7,-0.859,-0.447,-1.451
161,0.000131,10.0792,0.80134243,0.7395,2.3039,3.7031,1.7673,-0.99,-0.442,-0.941,-1.168,-1.265,-1.314,-0.895,3.07245111,7,-0.964,-0.545,-1.563
162,0.000131,10.0792,0.80135804,0.7392,2.346,3.7005,1.715,-1.095,-0.534,-1.043,-1.275,-1.375,-1.426,-0.997,3.07245779,7,-1.066,-0.64,-1.671
163,0.000131,10.0792,0.80137193,0.7389,2.3878,3.6981,1.6633,-1.199,-0.624,-1.144,-1.381,-1.484,-1.536,-1.098,3.07246375,7,-1.166,-0.733,-1.777
164,0.000131,10.0792,0.80138415,0.7386,2.4292,3.6957,1.6121,-1.303,-0.714,-1.244,-1.486,-1.591,-1.645,-1.198,3.072469,7,-1.266,-0.826,-1.883
165,0.000131,10.0792,0.80139494,0.7382,2.4701,3.6934,1.5617,-1.405,-0.803,-1.343,-1.589,-1.697,-1.753,-1.297,3.07247376,7,-1.364,-0.918,-1.987
166,0.000131,10.0792,0.80140465,0.7379,2.5111,3.6911,1.5113,-1.508,-0.892,-1.441,-1.692,-1.803,-1.861,-1.395,3.07247782,7,-1.462,-1.009,-2.091
167,0.000131,10.0792,0.80141348,0.7375,2.5517,3.6888,1.4613,-1.609,-0.978,-1.539,-1.795,-1.908,-1.968,-1.493,3.07248163,7,-1.559,-1.1,-2.194
168,0.000131,10.0792,0.8014217,0.7371,2.5922,3.6865,1.4114,-1.711,-1.064,-1.635,-1.897,-2.013,-2.075,-1.59,3.07248521,7,-1.655,-1.189,-2.296
169,0.000131,10.0792,0.80142927,0.7367,2.6329,3.6842,1.3613,-1.812,-1.15,-1.732,-1.999,-2.118,-2.182,-1.687,3.07248855,7,-1.752,-1.278,-2.399
170,0.000131,10.0792,0.80143642,0.7362,2.6733,3.6819,1.3115,-1.913,-1.235,-1.828,-2.1,-2.222,-2.288,-1.783,3.07249165,7,-1.847,-1.367,-2.501
171,0.000131,10.0792,0.80144328,0.7357,2.7134,3.6796,1.2619,-2.014,-1.319,-1.923,-2.201,-2.326,-2.394,-1.878,3.07249451,7,-1.942,-1.454,-2.602
172,0.000131,10.0792,0.80144984,0.7351,2.7536,3.6773,1.2122,-2.114,-1.402,-2.018,-2.301,-2.429,-2.499,-1.973,3.07249737,7,-2.037,-1.541,-2.702
173,0.000131,10.0792,0.80145603,0.7345,2.7945,3.675,1.1614,-2.216,-1.485,-2.114,-2.403,-2.534,-2.606,-2.069,3.07249999,7,-2.132,-1.629,-2.805
174,0.000131,10.0792,0.80146146,0.7338,2.8362,3.6726,1.1097,-2.32,-1.57,-2.212,-2.506,-2.641,-2.715,-2.167,3.07250237,7,-2.23,-1.719,-2.909
175,0.000131,10.0792,0.80146599,0.7332,2.8773,3.6701,1.0584,-2.423,-1.653,-2.308,-2.609,-2.746,-2.823,-2.263,3.07250428,7,-2.326,-1.806,-3.012
176,0.000131,10.0792,0.80146992,0.7325,2.9189,3.6676,1.0065,-2.527,-1.736,-2.404,-2.711,-2.852,-2.931,-2.36,3.07250619,7,-2.422,-1.893,-3.116
177,0.000131,10.0792,0.80147344,0.7318,2.9594,3.6651,0.9556,-2.629,-1.812,-2.499,-2.813,-2.958,-3.038,-2.455,3.07250762,7,-2.517,-1.977,-3.219
178,0.000131,10.0792,0.80147702,0.731,3.0006,3.6626,0.9037,-2.731,-1.889,-2.594,-2.917,-3.066,-3.148,-2.551,3.07250905,7,-2.612,-2.06,-3.323
179,0.000131,10.0792,0.80148029,0.7302,3.047,3.6597,0.8452,-2.847,-1.974,-2.702,-3.034,-3.187,-3.272,-2.659,3.07251048,7,-2.72,-2.154,-3.441
180,0.000131,10.0792,0.80148184,0.7297,3.0775,3.6578,0.8068,-2.924,-2.028,-2.772,-3.11,-3.266,-3.353,-2.729,3.0725112,7,-2.789,-2.214,-3.518
181,0.000131,10.0792,0.80148232,0.7295,3.0507,3.6594,0.8401,-2.857,-1.98,-2.711,-3.044,-3.197,-3.282,-2.667,3.07251143,7,-2.728,-2.161,-3.451
182,0.000131,10.0792,0.80148232,0.7295,3.0349,3.6604,0.8597,-2.817,-1.951,-2.674,-3.004,-3.156,-3.24,-2.631,3.07251143,7,-2.692,-2.129,-3.411
183,0.000131,10.0792,0.80148244,0.7295,3.0217,3.6612,0.8762,-2.784,-1.927,-2.643,-2.97,-3.121,-3.205,-2.6,3.07251143,7,-2.661,-2.102,-3.377
184,0.000131,10.0792,0.80148256,0.7295,3.0374,3.6603,0.857,-2.823,-1.957,-2.68,-3.01,-3.162,-3.247,-2.637,3.07251143,7,-2.698,-2.135,-3.417
185,0.000131,10.0792,0.80148268,0.7294,3.0578,3.6591,0.8315,-2.875,-1.993,-2.727,-3.061,-3.215,-3.301,-2.684,3.07251167,7,-2.745,-2.176,-3.469
186,0.000131,10.0792,0.80148286,0.7294,3.0928,3.6568,0.7875,-2.962,-2.055,-2.807,-3.149,-3.306,-3.394,-2.764,3.07251167,7,-2.824,-2.244,-3.557
187,0.000131,10.0792,0.80148304,0.7293,3.1348,3.654,0.7342,-3.067,-2.127,-2.902,-3.254,-3.415,-3.506,-2.86,3.07251167,7,-2.92,-2.325,-3.663
188,0.000131,10.0792,0.80148339,0.7291,3.1873,3.6505,0.6673,-3.198,-2.214,-3.02,-3.385,-3.552,-3.646,-2.979,3.07251191,7,-3.038,-2.425,-3.795
189,0.000131,10.0792,0.80148399,0.7288,3.2369,3.647,0.6036,-3.322,-2.292,-3.13,-3.507,-3.68,-3.777,-3.089,3.07251215,7,-3.148,-2.516,-3.918
190,0.000131,10.0792,0.80148435,0.7286,3.2473,3.6463,0.5903,-3.348,-2.308,-3.153,-3.532,-3.706,-3.805,-3.113,3.07251239,7,-3.171,-2.535,-3.944
191,0.000131,10.0792,0.80148435,0.7286,3.2473,3.6463,0.5902,-3.348,-2.308,-3.153,-3.532,-3.706,-3.805,-3.112,3.07251239,8,-3.171,-2.535,-3.944
